date,time,block,entity,benf,benf_for_dsm,sch_after_loss
2025-02-24,00:00,1,TAPS-II,"BARC_TAPS II",BARC,4.18165500000000
2025-02-24,00:15,2,TAPS-II,"BARC_TAPS II",BARC,4.18165500000000
2025-02-24,00:30,3,TAPS-II,"BARC_TAPS II",BARC,4.18165500000000
2025-02-24,00:45,4,TAPS-II,"BARC_TAPS II",BARC,4.18165500000000
2025-02-24,01:00,5,TAPS-II,"BARC_TAPS II",BARC,4.18165500000000
2025-02-24,01:15,6,TAPS-II,"BARC_TAPS II",BARC,4.18165500000000
2025-02-24,01:30,7,TAPS-II,"BARC_TAPS II",BARC,4.18165500000000
2025-02-24,01:45,8,TAPS-II,"BARC_TAPS II",BARC,4.18165500000000
2025-02-24,02:00,9,TAPS-II,"BARC_TAPS II",BARC,4.18165500000000
2025-02-24,02:15,10,TAPS-II,"BARC_TAPS II",BARC,4.18165500000000
2025-02-24,02:30,11,TAPS-II,"BARC_TAPS II",BARC,4.18165500000000
2025-02-24,02:45,12,TAPS-II,"BARC_TAPS II",BARC,4.18165500000000
2025-02-24,03:00,13,TAPS-II,"BARC_TAPS II",BARC,4.18165500000000
2025-02-24,03:15,14,TAPS-II,"BARC_TAPS II",BARC,4.18165500000000
2025-02-24,03:30,15,TAPS-II,"BARC_TAPS II",BARC,4.18165500000000
2025-02-24,03:45,16,TAPS-II,"BARC_TAPS II",BARC,4.18165500000000
2025-02-24,04:00,17,TAPS-II,"BARC_TAPS II",BARC,4.18165500000000
2025-02-24,04:15,18,TAPS-II,"BARC_TAPS II",BARC,4.18165500000000
2025-02-24,04:30,19,TAPS-II,"BARC_TAPS II",BARC,4.18165500000000
2025-02-24,04:45,20,TAPS-II,"BARC_TAPS II",BARC,4.18165500000000
2025-02-24,05:00,21,TAPS-II,"BARC_TAPS II",BARC,4.18165500000000
2025-02-24,05:15,22,TAPS-II,"BARC_TAPS II",BARC,4.18165500000000
2025-02-24,05:30,23,TAPS-II,"BARC_TAPS II",BARC,4.18165500000000
2025-02-24,05:45,24,TAPS-II,"BARC_TAPS II",BARC,4.18165500000000
2025-02-24,06:00,25,TAPS-II,"BARC_TAPS II",BARC,4.18165500000000
2025-02-24,06:15,26,TAPS-II,"BARC_TAPS II",BARC,4.18165500000000
2025-02-24,06:30,27,TAPS-II,"BARC_TAPS II",BARC,4.18165500000000
2025-02-24,06:45,28,TAPS-II,"BARC_TAPS II",BARC,4.18165500000000
2025-02-24,07:00,29,TAPS-II,"BARC_TAPS II",BARC,4.18165500000000
2025-02-24,07:15,30,TAPS-II,"BARC_TAPS II",BARC,4.18165500000000
2025-02-24,07:30,31,TAPS-II,"BARC_TAPS II",BARC,4.18165500000000
2025-02-24,07:45,32,TAPS-II,"BARC_TAPS II",BARC,4.18165500000000
2025-02-24,08:00,33,TAPS-II,"BARC_TAPS II",BARC,4.18165500000000
2025-02-24,08:15,34,TAPS-II,"BARC_TAPS II",BARC,4.18165500000000
2025-02-24,08:30,35,TAPS-II,"BARC_TAPS II",BARC,4.18165500000000
2025-02-24,08:45,36,TAPS-II,"BARC_TAPS II",BARC,4.18165500000000
2025-02-24,09:00,37,TAPS-II,"BARC_TAPS II",BARC,4.18165500000000
2025-02-24,09:15,38,TAPS-II,"BARC_TAPS II",BARC,4.18165500000000
2025-02-24,09:30,39,TAPS-II,"BARC_TAPS II",BARC,4.18165500000000
2025-02-24,09:45,40,TAPS-II,"BARC_TAPS II",BARC,4.18165500000000
2025-02-24,10:00,41,TAPS-II,"BARC_TAPS II",BARC,4.18165500000000
2025-02-24,10:15,42,TAPS-II,"BARC_TAPS II",BARC,4.18165500000000
2025-02-24,10:30,43,TAPS-II,"BARC_TAPS II",BARC,4.18165500000000
2025-02-24,10:45,44,TAPS-II,"BARC_TAPS II",BARC,4.18165500000000
2025-02-24,11:00,45,TAPS-II,"BARC_TAPS II",BARC,4.18165500000000
2025-02-24,11:15,46,TAPS-II,"BARC_TAPS II",BARC,4.18165500000000
2025-02-24,11:30,47,TAPS-II,"BARC_TAPS II",BARC,4.18165500000000
2025-02-24,11:45,48,TAPS-II,"BARC_TAPS II",BARC,4.18165500000000
2025-02-24,12:00,49,TAPS-II,"BARC_TAPS II",BARC,4.18165500000000
2025-02-24,12:15,50,TAPS-II,"BARC_TAPS II",BARC,4.18165500000000
2025-02-24,12:30,51,TAPS-II,"BARC_TAPS II",BARC,4.18165500000000
2025-02-24,12:45,52,TAPS-II,"BARC_TAPS II",BARC,4.18165500000000
2025-02-24,13:00,53,TAPS-II,"BARC_TAPS II",BARC,4.18165500000000
2025-02-24,13:15,54,TAPS-II,"BARC_TAPS II",BARC,4.18165500000000
2025-02-24,13:30,55,TAPS-II,"BARC_TAPS II",BARC,4.18165500000000
2025-02-24,13:45,56,TAPS-II,"BARC_TAPS II",BARC,4.18165500000000
2025-02-24,14:00,57,TAPS-II,"BARC_TAPS II",BARC,4.18165500000000
2025-02-24,14:15,58,TAPS-II,"BARC_TAPS II",BARC,4.18165500000000
2025-02-24,14:30,59,TAPS-II,"BARC_TAPS II",BARC,4.18165500000000
2025-02-24,14:45,60,TAPS-II,"BARC_TAPS II",BARC,4.18165500000000
2025-02-24,15:00,61,TAPS-II,"BARC_TAPS II",BARC,4.18165500000000
2025-02-24,15:15,62,TAPS-II,"BARC_TAPS II",BARC,4.18165500000000
2025-02-24,15:30,63,TAPS-II,"BARC_TAPS II",BARC,4.18165500000000
2025-02-24,15:45,64,TAPS-II,"BARC_TAPS II",BARC,4.18165500000000
2025-02-24,16:00,65,TAPS-II,"BARC_TAPS II",BARC,4.18165500000000
2025-02-24,16:15,66,TAPS-II,"BARC_TAPS II",BARC,4.18165500000000
2025-02-24,16:30,67,TAPS-II,"BARC_TAPS II",BARC,4.18165500000000
2025-02-24,16:45,68,TAPS-II,"BARC_TAPS II",BARC,4.18165500000000
2025-02-24,17:00,69,TAPS-II,"BARC_TAPS II",BARC,4.18165500000000
2025-02-24,17:15,70,TAPS-II,"BARC_TAPS II",BARC,4.18165500000000
2025-02-24,17:30,71,TAPS-II,"BARC_TAPS II",BARC,5.34482800000000
2025-02-24,17:45,72,TAPS-II,"BARC_TAPS II",BARC,5.43134500000000
2025-02-24,18:00,73,TAPS-II,"BARC_TAPS II",BARC,5.51786200000000
2025-02-24,18:15,74,TAPS-II,"BARC_TAPS II",BARC,5.60437900000000
2025-02-24,18:30,75,TAPS-II,"BARC_TAPS II",BARC,5.70050900000000
2025-02-24,18:45,76,TAPS-II,"BARC_TAPS II",BARC,5.70050900000000
2025-02-24,19:00,77,TAPS-II,"BARC_TAPS II",BARC,5.70050900000000
2025-02-24,19:15,78,TAPS-II,"BARC_TAPS II",BARC,5.70050900000000
2025-02-24,19:30,79,TAPS-II,"BARC_TAPS II",BARC,6.98865100000000
2025-02-24,19:45,80,TAPS-II,"BARC_TAPS II",BARC,6.98865100000000
2025-02-24,20:00,81,TAPS-II,"BARC_TAPS II",BARC,6.98865100000000
2025-02-24,20:15,82,TAPS-II,"BARC_TAPS II",BARC,6.98865100000000
2025-02-24,20:30,83,TAPS-II,"BARC_TAPS II",BARC,6.98865100000000
2025-02-24,20:45,84,TAPS-II,"BARC_TAPS II",BARC,6.98865100000000
2025-02-24,21:00,85,TAPS-II,"BARC_TAPS II",BARC,6.98865100000000
2025-02-24,21:15,86,TAPS-II,"BARC_TAPS II",BARC,6.98865100000000
2025-02-24,21:30,87,TAPS-II,"BARC_TAPS II",BARC,6.98865100000000
2025-02-24,21:45,88,TAPS-II,"BARC_TAPS II",BARC,6.98865100000000
2025-02-24,22:00,89,TAPS-II,"BARC_TAPS II",BARC,6.98865100000000
2025-02-24,22:15,90,TAPS-II,"BARC_TAPS II",BARC,6.98865100000000
2025-02-24,22:30,91,TAPS-II,"BARC_TAPS II",BARC,6.98865100000000
2025-02-24,22:45,92,TAPS-II,"BARC_TAPS II",BARC,6.98865100000000
2025-02-24,23:00,93,TAPS-II,"BARC_TAPS II",BARC,6.98865100000000
2025-02-24,23:15,94,TAPS-II,"BARC_TAPS II",BARC,6.98865100000000
2025-02-24,23:30,95,TAPS-II,"BARC_TAPS II",BARC,6.98865100000000
2025-02-24,23:45,96,TAPS-II,"BARC_TAPS II",BARC,6.98865100000000
2025-02-25,00:00,1,TAPS-II,"BARC_TAPS II",BARC,7.12323300000000
2025-02-25,00:15,2,TAPS-II,"BARC_TAPS II",BARC,7.12323300000000
2025-02-25,00:30,3,TAPS-II,"BARC_TAPS II",BARC,7.16168500000000
2025-02-25,00:45,4,TAPS-II,"BARC_TAPS II",BARC,7.16168500000000
2025-02-25,01:00,5,TAPS-II,"BARC_TAPS II",BARC,7.20975000000000
2025-02-25,01:15,6,TAPS-II,"BARC_TAPS II",BARC,7.20975000000000
2025-02-25,01:30,7,TAPS-II,"BARC_TAPS II",BARC,7.20975000000000
2025-02-25,01:45,8,TAPS-II,"BARC_TAPS II",BARC,7.20975000000000
2025-02-25,02:00,9,TAPS-II,"BARC_TAPS II",BARC,7.20975000000000
2025-02-25,02:15,10,TAPS-II,"BARC_TAPS II",BARC,7.20975000000000
2025-02-25,02:30,11,TAPS-II,"BARC_TAPS II",BARC,7.20975000000000
2025-02-25,02:45,12,TAPS-II,"BARC_TAPS II",BARC,7.20975000000000
2025-02-25,03:00,13,TAPS-II,"BARC_TAPS II",BARC,7.20975000000000
2025-02-25,03:15,14,TAPS-II,"BARC_TAPS II",BARC,7.20975000000000
2025-02-25,03:30,15,TAPS-II,"BARC_TAPS II",BARC,7.20975000000000
2025-02-25,03:45,16,TAPS-II,"BARC_TAPS II",BARC,7.20975000000000
2025-02-25,04:00,17,TAPS-II,"BARC_TAPS II",BARC,7.20975000000000
2025-02-25,04:15,18,TAPS-II,"BARC_TAPS II",BARC,7.25781500000000
2025-02-25,04:30,19,TAPS-II,"BARC_TAPS II",BARC,7.25781500000000
2025-02-25,04:45,20,TAPS-II,"BARC_TAPS II",BARC,7.29626700000000
2025-02-25,05:00,21,TAPS-II,"BARC_TAPS II",BARC,7.29626700000000
2025-02-25,05:15,22,TAPS-II,"BARC_TAPS II",BARC,7.34433200000000
2025-02-25,05:30,23,TAPS-II,"BARC_TAPS II",BARC,7.34433200000000
2025-02-25,05:45,24,TAPS-II,"BARC_TAPS II",BARC,7.39239700000000
2025-02-25,06:00,25,TAPS-II,"BARC_TAPS II",BARC,7.39239700000000
2025-02-25,06:15,26,TAPS-II,"BARC_TAPS II",BARC,7.43084900000000
2025-02-25,06:30,27,TAPS-II,"BARC_TAPS II",BARC,7.43084900000000
2025-02-25,06:45,28,TAPS-II,"BARC_TAPS II",BARC,7.47891400000000
2025-02-25,07:00,29,TAPS-II,"BARC_TAPS II",BARC,7.47891400000000
2025-02-25,07:15,30,TAPS-II,"BARC_TAPS II",BARC,7.47891400000000
2025-02-25,07:30,31,TAPS-II,"BARC_TAPS II",BARC,7.47891400000000
2025-02-25,07:45,32,TAPS-II,"BARC_TAPS II",BARC,7.47891400000000
2025-02-25,08:00,33,TAPS-II,"BARC_TAPS II",BARC,7.47891400000000
2025-02-25,08:15,34,TAPS-II,"BARC_TAPS II",BARC,7.47891400000000
2025-02-25,08:30,35,TAPS-II,"BARC_TAPS II",BARC,7.47891400000000
2025-02-25,08:45,36,TAPS-II,"BARC_TAPS II",BARC,7.47891400000000
2025-02-25,09:00,37,TAPS-II,"BARC_TAPS II",BARC,7.47891400000000
2025-02-25,09:15,38,TAPS-II,"BARC_TAPS II",BARC,7.47891400000000
2025-02-25,09:30,39,TAPS-II,"BARC_TAPS II",BARC,7.47891400000000
2025-02-25,09:45,40,TAPS-II,"BARC_TAPS II",BARC,7.47891400000000
2025-02-25,10:00,41,TAPS-II,"BARC_TAPS II",BARC,7.47891400000000
2025-02-25,10:15,42,TAPS-II,"BARC_TAPS II",BARC,7.47891400000000
2025-02-25,10:30,43,TAPS-II,"BARC_TAPS II",BARC,7.47891400000000
2025-02-25,10:45,44,TAPS-II,"BARC_TAPS II",BARC,7.47891400000000
2025-02-25,11:00,45,TAPS-II,"BARC_TAPS II",BARC,7.47891400000000
2025-02-25,11:15,46,TAPS-II,"BARC_TAPS II",BARC,7.47891400000000
2025-02-25,11:30,47,TAPS-II,"BARC_TAPS II",BARC,7.47891400000000
2025-02-25,11:45,48,TAPS-II,"BARC_TAPS II",BARC,7.47891400000000
2025-02-25,12:00,49,TAPS-II,"BARC_TAPS II",BARC,7.47891400000000
2025-02-25,12:15,50,TAPS-II,"BARC_TAPS II",BARC,7.47891400000000
2025-02-25,12:30,51,TAPS-II,"BARC_TAPS II",BARC,7.47891400000000
2025-02-25,12:45,52,TAPS-II,"BARC_TAPS II",BARC,7.47891400000000
2025-02-25,13:00,53,TAPS-II,"BARC_TAPS II",BARC,7.47891400000000
2025-02-25,13:15,54,TAPS-II,"BARC_TAPS II",BARC,7.47891400000000
2025-02-25,13:30,55,TAPS-II,"BARC_TAPS II",BARC,7.47891400000000
2025-02-25,13:45,56,TAPS-II,"BARC_TAPS II",BARC,7.47891400000000
2025-02-25,14:00,57,TAPS-II,"BARC_TAPS II",BARC,7.47891400000000
2025-02-25,14:15,58,TAPS-II,"BARC_TAPS II",BARC,7.47891400000000
2025-02-25,14:30,59,TAPS-II,"BARC_TAPS II",BARC,7.47891400000000
2025-02-25,14:45,60,TAPS-II,"BARC_TAPS II",BARC,7.47891400000000
2025-02-25,15:00,61,TAPS-II,"BARC_TAPS II",BARC,7.47891400000000
2025-02-25,15:15,62,TAPS-II,"BARC_TAPS II",BARC,7.47891400000000
2025-02-25,15:30,63,TAPS-II,"BARC_TAPS II",BARC,7.47891400000000
2025-02-25,15:45,64,TAPS-II,"BARC_TAPS II",BARC,7.47891400000000
2025-02-25,16:00,65,TAPS-II,"BARC_TAPS II",BARC,7.47891400000000
2025-02-25,16:15,66,TAPS-II,"BARC_TAPS II",BARC,7.47891400000000
2025-02-25,16:30,67,TAPS-II,"BARC_TAPS II",BARC,7.47891400000000
2025-02-25,16:45,68,TAPS-II,"BARC_TAPS II",BARC,7.47891400000000
2025-02-25,17:00,69,TAPS-II,"BARC_TAPS II",BARC,7.47891400000000
2025-02-25,17:15,70,TAPS-II,"BARC_TAPS II",BARC,7.47891400000000
2025-02-25,17:30,71,TAPS-II,"BARC_TAPS II",BARC,7.47891400000000
2025-02-25,17:45,72,TAPS-II,"BARC_TAPS II",BARC,7.47891400000000
2025-02-25,18:00,73,TAPS-II,"BARC_TAPS II",BARC,7.47891400000000
2025-02-25,18:15,74,TAPS-II,"BARC_TAPS II",BARC,7.47891400000000
2025-02-25,18:30,75,TAPS-II,"BARC_TAPS II",BARC,7.47891400000000
2025-02-25,18:45,76,TAPS-II,"BARC_TAPS II",BARC,7.47891400000000
2025-02-25,19:00,77,TAPS-II,"BARC_TAPS II",BARC,7.47891400000000
2025-02-25,19:15,78,TAPS-II,"BARC_TAPS II",BARC,7.47891400000000
2025-02-25,19:30,79,TAPS-II,"BARC_TAPS II",BARC,7.47891400000000
2025-02-25,19:45,80,TAPS-II,"BARC_TAPS II",BARC,7.47891400000000
2025-02-25,20:00,81,TAPS-II,"BARC_TAPS II",BARC,7.47891400000000
2025-02-25,20:15,82,TAPS-II,"BARC_TAPS II",BARC,7.47891400000000
2025-02-25,20:30,83,TAPS-II,"BARC_TAPS II",BARC,7.47891400000000
2025-02-25,20:45,84,TAPS-II,"BARC_TAPS II",BARC,7.47891400000000
2025-02-25,21:00,85,TAPS-II,"BARC_TAPS II",BARC,7.47891400000000
2025-02-25,21:15,86,TAPS-II,"BARC_TAPS II",BARC,7.47891400000000
2025-02-25,21:30,87,TAPS-II,"BARC_TAPS II",BARC,7.47891400000000
2025-02-25,21:45,88,TAPS-II,"BARC_TAPS II",BARC,7.47891400000000
2025-02-25,22:00,89,TAPS-II,"BARC_TAPS II",BARC,7.47891400000000
2025-02-25,22:15,90,TAPS-II,"BARC_TAPS II",BARC,7.47891400000000
2025-02-25,22:30,91,TAPS-II,"BARC_TAPS II",BARC,7.47891400000000
2025-02-25,22:45,92,TAPS-II,"BARC_TAPS II",BARC,7.47891400000000
2025-02-25,23:00,93,TAPS-II,"BARC_TAPS II",BARC,7.47891400000000
2025-02-25,23:15,94,TAPS-II,"BARC_TAPS II",BARC,7.47891400000000
2025-02-25,23:30,95,TAPS-II,"BARC_TAPS II",BARC,7.47891400000000
2025-02-25,23:45,96,TAPS-II,"BARC_TAPS II",BARC,7.47891400000000
2025-02-26,00:00,1,TAPS-II,"BARC_TAPS II",BARC,7.56543100000000
2025-02-26,00:15,2,TAPS-II,"BARC_TAPS II",BARC,7.56543100000000
2025-02-26,00:30,3,TAPS-II,"BARC_TAPS II",BARC,7.56543100000000
2025-02-26,00:45,4,TAPS-II,"BARC_TAPS II",BARC,7.56543100000000
2025-02-26,01:00,5,TAPS-II,"BARC_TAPS II",BARC,7.56543100000000
2025-02-26,01:15,6,TAPS-II,"BARC_TAPS II",BARC,7.56543100000000
2025-02-26,01:30,7,TAPS-II,"BARC_TAPS II",BARC,7.56543100000000
2025-02-26,01:45,8,TAPS-II,"BARC_TAPS II",BARC,7.56543100000000
2025-02-26,02:00,9,TAPS-II,"BARC_TAPS II",BARC,7.56543100000000
2025-02-26,02:15,10,TAPS-II,"BARC_TAPS II",BARC,7.56543100000000
2025-02-26,02:30,11,TAPS-II,"BARC_TAPS II",BARC,7.56543100000000
2025-02-26,02:45,12,TAPS-II,"BARC_TAPS II",BARC,7.56543100000000
2025-02-26,03:00,13,TAPS-II,"BARC_TAPS II",BARC,7.56543100000000
2025-02-26,03:15,14,TAPS-II,"BARC_TAPS II",BARC,7.56543100000000
2025-02-26,03:30,15,TAPS-II,"BARC_TAPS II",BARC,7.56543100000000
2025-02-26,03:45,16,TAPS-II,"BARC_TAPS II",BARC,7.56543100000000
2025-02-26,04:00,17,TAPS-II,"BARC_TAPS II",BARC,7.56543100000000
2025-02-26,04:15,18,TAPS-II,"BARC_TAPS II",BARC,7.56543100000000
2025-02-26,04:30,19,TAPS-II,"BARC_TAPS II",BARC,7.56543100000000
2025-02-26,04:45,20,TAPS-II,"BARC_TAPS II",BARC,7.56543100000000
2025-02-26,05:00,21,TAPS-II,"BARC_TAPS II",BARC,7.56543100000000
2025-02-26,05:15,22,TAPS-II,"BARC_TAPS II",BARC,7.56543100000000
2025-02-26,05:30,23,TAPS-II,"BARC_TAPS II",BARC,7.56543100000000
2025-02-26,05:45,24,TAPS-II,"BARC_TAPS II",BARC,7.56543100000000
2025-02-26,06:00,25,TAPS-II,"BARC_TAPS II",BARC,7.56543100000000
2025-02-26,06:15,26,TAPS-II,"BARC_TAPS II",BARC,7.56543100000000
2025-02-26,06:30,27,TAPS-II,"BARC_TAPS II",BARC,7.56543100000000
2025-02-26,06:45,28,TAPS-II,"BARC_TAPS II",BARC,7.56543100000000
2025-02-26,07:00,29,TAPS-II,"BARC_TAPS II",BARC,7.56543100000000
2025-02-26,07:15,30,TAPS-II,"BARC_TAPS II",BARC,7.56543100000000
2025-02-26,07:30,31,TAPS-II,"BARC_TAPS II",BARC,7.56543100000000
2025-02-26,07:45,32,TAPS-II,"BARC_TAPS II",BARC,7.56543100000000
2025-02-26,08:00,33,TAPS-II,"BARC_TAPS II",BARC,7.56543100000000
2025-02-26,08:15,34,TAPS-II,"BARC_TAPS II",BARC,7.56543100000000
2025-02-26,08:30,35,TAPS-II,"BARC_TAPS II",BARC,7.56543100000000
2025-02-26,08:45,36,TAPS-II,"BARC_TAPS II",BARC,7.56543100000000
2025-02-26,09:00,37,TAPS-II,"BARC_TAPS II",BARC,7.56543100000000
2025-02-26,09:15,38,TAPS-II,"BARC_TAPS II",BARC,7.56543100000000
2025-02-26,09:30,39,TAPS-II,"BARC_TAPS II",BARC,7.56543100000000
2025-02-26,09:45,40,TAPS-II,"BARC_TAPS II",BARC,7.56543100000000
2025-02-26,10:00,41,TAPS-II,"BARC_TAPS II",BARC,7.56543100000000
2025-02-26,10:15,42,TAPS-II,"BARC_TAPS II",BARC,7.56543100000000
2025-02-26,10:30,43,TAPS-II,"BARC_TAPS II",BARC,7.56543100000000
2025-02-26,10:45,44,TAPS-II,"BARC_TAPS II",BARC,7.56543100000000
2025-02-26,11:00,45,TAPS-II,"BARC_TAPS II",BARC,7.56543100000000
2025-02-26,11:15,46,TAPS-II,"BARC_TAPS II",BARC,7.56543100000000
2025-02-26,11:30,47,TAPS-II,"BARC_TAPS II",BARC,7.56543100000000
2025-02-26,11:45,48,TAPS-II,"BARC_TAPS II",BARC,7.56543100000000
2025-02-26,12:00,49,TAPS-II,"BARC_TAPS II",BARC,7.56543100000000
2025-02-26,12:15,50,TAPS-II,"BARC_TAPS II",BARC,7.56543100000000
2025-02-26,12:30,51,TAPS-II,"BARC_TAPS II",BARC,7.56543100000000
2025-02-26,12:45,52,TAPS-II,"BARC_TAPS II",BARC,7.56543100000000
2025-02-26,13:00,53,TAPS-II,"BARC_TAPS II",BARC,7.56543100000000
2025-02-26,13:15,54,TAPS-II,"BARC_TAPS II",BARC,7.56543100000000
2025-02-26,13:30,55,TAPS-II,"BARC_TAPS II",BARC,7.56543100000000
2025-02-26,13:45,56,TAPS-II,"BARC_TAPS II",BARC,7.56543100000000
2025-02-26,14:00,57,TAPS-II,"BARC_TAPS II",BARC,7.56543100000000
2025-02-26,14:15,58,TAPS-II,"BARC_TAPS II",BARC,7.56543100000000
2025-02-26,14:30,59,TAPS-II,"BARC_TAPS II",BARC,7.56543100000000
2025-02-26,14:45,60,TAPS-II,"BARC_TAPS II",BARC,7.56543100000000
2025-02-26,15:00,61,TAPS-II,"BARC_TAPS II",BARC,7.56543100000000
2025-02-26,15:15,62,TAPS-II,"BARC_TAPS II",BARC,7.56543100000000
2025-02-26,15:30,63,TAPS-II,"BARC_TAPS II",BARC,7.56543100000000
2025-02-26,15:45,64,TAPS-II,"BARC_TAPS II",BARC,7.56543100000000
2025-02-26,16:00,65,TAPS-II,"BARC_TAPS II",BARC,7.56543100000000
2025-02-26,16:15,66,TAPS-II,"BARC_TAPS II",BARC,7.56543100000000
2025-02-26,16:30,67,TAPS-II,"BARC_TAPS II",BARC,7.56543100000000
2025-02-26,16:45,68,TAPS-II,"BARC_TAPS II",BARC,7.56543100000000
2025-02-26,17:00,69,TAPS-II,"BARC_TAPS II",BARC,7.56543100000000
2025-02-26,17:15,70,TAPS-II,"BARC_TAPS II",BARC,7.56543100000000
2025-02-26,17:30,71,TAPS-II,"BARC_TAPS II",BARC,7.56543100000000
2025-02-26,17:45,72,TAPS-II,"BARC_TAPS II",BARC,7.56543100000000
2025-02-26,18:00,73,TAPS-II,"BARC_TAPS II",BARC,7.56543100000000
2025-02-26,18:15,74,TAPS-II,"BARC_TAPS II",BARC,7.56543100000000
2025-02-26,18:30,75,TAPS-II,"BARC_TAPS II",BARC,7.56543100000000
2025-02-26,18:45,76,TAPS-II,"BARC_TAPS II",BARC,7.56543100000000
2025-02-26,19:00,77,TAPS-II,"BARC_TAPS II",BARC,7.56543100000000
2025-02-26,19:15,78,TAPS-II,"BARC_TAPS II",BARC,7.56543100000000
2025-02-26,19:30,79,TAPS-II,"BARC_TAPS II",BARC,7.56543100000000
2025-02-26,19:45,80,TAPS-II,"BARC_TAPS II",BARC,7.56543100000000
2025-02-26,20:00,81,TAPS-II,"BARC_TAPS II",BARC,7.56543100000000
2025-02-26,20:15,82,TAPS-II,"BARC_TAPS II",BARC,7.56543100000000
2025-02-26,20:30,83,TAPS-II,"BARC_TAPS II",BARC,7.56543100000000
2025-02-26,20:45,84,TAPS-II,"BARC_TAPS II",BARC,7.56543100000000
2025-02-26,21:00,85,TAPS-II,"BARC_TAPS II",BARC,7.56543100000000
2025-02-26,21:15,86,TAPS-II,"BARC_TAPS II",BARC,7.56543100000000
2025-02-26,21:30,87,TAPS-II,"BARC_TAPS II",BARC,7.56543100000000
2025-02-26,21:45,88,TAPS-II,"BARC_TAPS II",BARC,7.56543100000000
2025-02-26,22:00,89,TAPS-II,"BARC_TAPS II",BARC,7.56543100000000
2025-02-26,22:15,90,TAPS-II,"BARC_TAPS II",BARC,7.56543100000000
2025-02-26,22:30,91,TAPS-II,"BARC_TAPS II",BARC,7.56543100000000
2025-02-26,22:45,92,TAPS-II,"BARC_TAPS II",BARC,7.56543100000000
2025-02-26,23:00,93,TAPS-II,"BARC_TAPS II",BARC,7.56543100000000
2025-02-26,23:15,94,TAPS-II,"BARC_TAPS II",BARC,7.56543100000000
2025-02-26,23:30,95,TAPS-II,"BARC_TAPS II",BARC,7.56543100000000
2025-02-26,23:45,96,TAPS-II,"BARC_TAPS II",BARC,7.56543100000000
2025-02-27,00:00,1,TAPS-II,"BARC_TAPS II",BARC,7.56543100000000
2025-02-27,00:15,2,TAPS-II,"BARC_TAPS II",BARC,7.56543100000000
2025-02-27,00:30,3,TAPS-II,"BARC_TAPS II",BARC,7.56543100000000
2025-02-27,00:45,4,TAPS-II,"BARC_TAPS II",BARC,7.56543100000000
2025-02-27,01:00,5,TAPS-II,"BARC_TAPS II",BARC,7.56543100000000
2025-02-27,01:15,6,TAPS-II,"BARC_TAPS II",BARC,7.56543100000000
2025-02-27,01:30,7,TAPS-II,"BARC_TAPS II",BARC,7.56543100000000
2025-02-27,01:45,8,TAPS-II,"BARC_TAPS II",BARC,7.56543100000000
2025-02-27,02:00,9,TAPS-II,"BARC_TAPS II",BARC,7.56543100000000
2025-02-27,02:15,10,TAPS-II,"BARC_TAPS II",BARC,7.56543100000000
2025-02-27,02:30,11,TAPS-II,"BARC_TAPS II",BARC,7.56543100000000
2025-02-27,02:45,12,TAPS-II,"BARC_TAPS II",BARC,7.56543100000000
2025-02-27,03:00,13,TAPS-II,"BARC_TAPS II",BARC,7.56543100000000
2025-02-27,03:15,14,TAPS-II,"BARC_TAPS II",BARC,7.56543100000000
2025-02-27,03:30,15,TAPS-II,"BARC_TAPS II",BARC,7.56543100000000
2025-02-27,03:45,16,TAPS-II,"BARC_TAPS II",BARC,7.56543100000000
2025-02-27,04:00,17,TAPS-II,"BARC_TAPS II",BARC,7.56543100000000
2025-02-27,04:15,18,TAPS-II,"BARC_TAPS II",BARC,7.56543100000000
2025-02-27,04:30,19,TAPS-II,"BARC_TAPS II",BARC,7.56543100000000
2025-02-27,04:45,20,TAPS-II,"BARC_TAPS II",BARC,7.56543100000000
2025-02-27,05:00,21,TAPS-II,"BARC_TAPS II",BARC,7.56543100000000
2025-02-27,05:15,22,TAPS-II,"BARC_TAPS II",BARC,7.56543100000000
2025-02-27,05:30,23,TAPS-II,"BARC_TAPS II",BARC,7.56543100000000
2025-02-27,05:45,24,TAPS-II,"BARC_TAPS II",BARC,7.56543100000000
2025-02-27,06:00,25,TAPS-II,"BARC_TAPS II",BARC,7.56543100000000
2025-02-27,06:15,26,TAPS-II,"BARC_TAPS II",BARC,7.56543100000000
2025-02-27,06:30,27,TAPS-II,"BARC_TAPS II",BARC,7.56543100000000
2025-02-27,06:45,28,TAPS-II,"BARC_TAPS II",BARC,7.56543100000000
2025-02-27,07:00,29,TAPS-II,"BARC_TAPS II",BARC,7.56543100000000
2025-02-27,07:15,30,TAPS-II,"BARC_TAPS II",BARC,7.56543100000000
2025-02-27,07:30,31,TAPS-II,"BARC_TAPS II",BARC,7.56543100000000
2025-02-27,07:45,32,TAPS-II,"BARC_TAPS II",BARC,7.56543100000000
2025-02-27,08:00,33,TAPS-II,"BARC_TAPS II",BARC,7.56543100000000
2025-02-27,08:15,34,TAPS-II,"BARC_TAPS II",BARC,7.56543100000000
2025-02-27,08:30,35,TAPS-II,"BARC_TAPS II",BARC,7.56543100000000
2025-02-27,08:45,36,TAPS-II,"BARC_TAPS II",BARC,7.56543100000000
2025-02-27,09:00,37,TAPS-II,"BARC_TAPS II",BARC,7.56543100000000
2025-02-27,09:15,38,TAPS-II,"BARC_TAPS II",BARC,7.56543100000000
2025-02-27,09:30,39,TAPS-II,"BARC_TAPS II",BARC,7.56543100000000
2025-02-27,09:45,40,TAPS-II,"BARC_TAPS II",BARC,7.56543100000000
2025-02-27,10:00,41,TAPS-II,"BARC_TAPS II",BARC,7.56543100000000
2025-02-27,10:15,42,TAPS-II,"BARC_TAPS II",BARC,7.56543100000000
2025-02-27,10:30,43,TAPS-II,"BARC_TAPS II",BARC,7.56543100000000
2025-02-27,10:45,44,TAPS-II,"BARC_TAPS II",BARC,7.56543100000000
2025-02-27,11:00,45,TAPS-II,"BARC_TAPS II",BARC,7.56543100000000
2025-02-27,11:15,46,TAPS-II,"BARC_TAPS II",BARC,7.56543100000000
2025-02-27,11:30,47,TAPS-II,"BARC_TAPS II",BARC,7.56543100000000
2025-02-27,11:45,48,TAPS-II,"BARC_TAPS II",BARC,7.56543100000000
2025-02-27,12:00,49,TAPS-II,"BARC_TAPS II",BARC,7.56543100000000
2025-02-27,12:15,50,TAPS-II,"BARC_TAPS II",BARC,7.56543100000000
2025-02-27,12:30,51,TAPS-II,"BARC_TAPS II",BARC,7.56543100000000
2025-02-27,12:45,52,TAPS-II,"BARC_TAPS II",BARC,7.56543100000000
2025-02-27,13:00,53,TAPS-II,"BARC_TAPS II",BARC,7.56543100000000
2025-02-27,13:15,54,TAPS-II,"BARC_TAPS II",BARC,7.56543100000000
2025-02-27,13:30,55,TAPS-II,"BARC_TAPS II",BARC,7.56543100000000
2025-02-27,13:45,56,TAPS-II,"BARC_TAPS II",BARC,7.56543100000000
2025-02-27,14:00,57,TAPS-II,"BARC_TAPS II",BARC,7.56543100000000
2025-02-27,14:15,58,TAPS-II,"BARC_TAPS II",BARC,7.56543100000000
2025-02-27,14:30,59,TAPS-II,"BARC_TAPS II",BARC,7.56543100000000
2025-02-27,14:45,60,TAPS-II,"BARC_TAPS II",BARC,7.56543100000000
2025-02-27,15:00,61,TAPS-II,"BARC_TAPS II",BARC,7.56543100000000
2025-02-27,15:15,62,TAPS-II,"BARC_TAPS II",BARC,7.56543100000000
2025-02-27,15:30,63,TAPS-II,"BARC_TAPS II",BARC,7.56543100000000
2025-02-27,15:45,64,TAPS-II,"BARC_TAPS II",BARC,7.56543100000000
2025-02-27,16:00,65,TAPS-II,"BARC_TAPS II",BARC,7.56543100000000
2025-02-27,16:15,66,TAPS-II,"BARC_TAPS II",BARC,7.56543100000000
2025-02-27,16:30,67,TAPS-II,"BARC_TAPS II",BARC,7.56543100000000
2025-02-27,16:45,68,TAPS-II,"BARC_TAPS II",BARC,7.56543100000000
2025-02-27,17:00,69,TAPS-II,"BARC_TAPS II",BARC,7.56543100000000
2025-02-27,17:15,70,TAPS-II,"BARC_TAPS II",BARC,7.56543100000000
2025-02-27,17:30,71,TAPS-II,"BARC_TAPS II",BARC,7.56543100000000
2025-02-27,17:45,72,TAPS-II,"BARC_TAPS II",BARC,7.56543100000000
2025-02-27,18:00,73,TAPS-II,"BARC_TAPS II",BARC,7.56543100000000
2025-02-27,18:15,74,TAPS-II,"BARC_TAPS II",BARC,7.56543100000000
2025-02-27,18:30,75,TAPS-II,"BARC_TAPS II",BARC,7.56543100000000
2025-02-27,18:45,76,TAPS-II,"BARC_TAPS II",BARC,7.56543100000000
2025-02-27,19:00,77,TAPS-II,"BARC_TAPS II",BARC,7.56543100000000
2025-02-27,19:15,78,TAPS-II,"BARC_TAPS II",BARC,7.56543100000000
2025-02-27,19:30,79,TAPS-II,"BARC_TAPS II",BARC,7.56543100000000
2025-02-27,19:45,80,TAPS-II,"BARC_TAPS II",BARC,7.56543100000000
2025-02-27,20:00,81,TAPS-II,"BARC_TAPS II",BARC,7.56543100000000
2025-02-27,20:15,82,TAPS-II,"BARC_TAPS II",BARC,7.56543100000000
2025-02-27,20:30,83,TAPS-II,"BARC_TAPS II",BARC,7.56543100000000
2025-02-27,20:45,84,TAPS-II,"BARC_TAPS II",BARC,7.56543100000000
2025-02-27,21:00,85,TAPS-II,"BARC_TAPS II",BARC,7.56543100000000
2025-02-27,21:15,86,TAPS-II,"BARC_TAPS II",BARC,7.56543100000000
2025-02-27,21:30,87,TAPS-II,"BARC_TAPS II",BARC,7.56543100000000
2025-02-27,21:45,88,TAPS-II,"BARC_TAPS II",BARC,7.56543100000000
2025-02-27,22:00,89,TAPS-II,"BARC_TAPS II",BARC,7.56543100000000
2025-02-27,22:15,90,TAPS-II,"BARC_TAPS II",BARC,7.56543100000000
2025-02-27,22:30,91,TAPS-II,"BARC_TAPS II",BARC,7.56543100000000
2025-02-27,22:45,92,TAPS-II,"BARC_TAPS II",BARC,7.56543100000000
2025-02-27,23:00,93,TAPS-II,"BARC_TAPS II",BARC,7.56543100000000
2025-02-27,23:15,94,TAPS-II,"BARC_TAPS II",BARC,7.56543100000000
2025-02-27,23:30,95,TAPS-II,"BARC_TAPS II",BARC,7.56543100000000
2025-02-27,23:45,96,TAPS-II,"BARC_TAPS II",BARC,7.56543100000000
2025-02-28,00:00,1,TAPS-II,"BARC_TAPS II",BARC,7.56543100000000
2025-02-28,00:15,2,TAPS-II,"BARC_TAPS II",BARC,7.56543100000000
2025-02-28,00:30,3,TAPS-II,"BARC_TAPS II",BARC,7.56543100000000
2025-02-28,00:45,4,TAPS-II,"BARC_TAPS II",BARC,7.56543100000000
2025-02-28,01:00,5,TAPS-II,"BARC_TAPS II",BARC,7.56543100000000
2025-02-28,01:15,6,TAPS-II,"BARC_TAPS II",BARC,7.56543100000000
2025-02-28,01:30,7,TAPS-II,"BARC_TAPS II",BARC,7.56543100000000
2025-02-28,01:45,8,TAPS-II,"BARC_TAPS II",BARC,7.56543100000000
2025-02-28,02:00,9,TAPS-II,"BARC_TAPS II",BARC,7.56543100000000
2025-02-28,02:15,10,TAPS-II,"BARC_TAPS II",BARC,7.56543100000000
2025-02-28,02:30,11,TAPS-II,"BARC_TAPS II",BARC,7.56543100000000
2025-02-28,02:45,12,TAPS-II,"BARC_TAPS II",BARC,7.56543100000000
2025-02-28,03:00,13,TAPS-II,"BARC_TAPS II",BARC,7.56543100000000
2025-02-28,03:15,14,TAPS-II,"BARC_TAPS II",BARC,7.56543100000000
2025-02-28,03:30,15,TAPS-II,"BARC_TAPS II",BARC,7.56543100000000
2025-02-28,03:45,16,TAPS-II,"BARC_TAPS II",BARC,7.56543100000000
2025-02-28,04:00,17,TAPS-II,"BARC_TAPS II",BARC,7.56543100000000
2025-02-28,04:15,18,TAPS-II,"BARC_TAPS II",BARC,7.56543100000000
2025-02-28,04:30,19,TAPS-II,"BARC_TAPS II",BARC,7.56543100000000
2025-02-28,04:45,20,TAPS-II,"BARC_TAPS II",BARC,7.56543100000000
2025-02-28,05:00,21,TAPS-II,"BARC_TAPS II",BARC,7.56543100000000
2025-02-28,05:15,22,TAPS-II,"BARC_TAPS II",BARC,7.56543100000000
2025-02-28,05:30,23,TAPS-II,"BARC_TAPS II",BARC,7.56543100000000
2025-02-28,05:45,24,TAPS-II,"BARC_TAPS II",BARC,7.56543100000000
2025-02-28,06:00,25,TAPS-II,"BARC_TAPS II",BARC,7.56543100000000
2025-02-28,06:15,26,TAPS-II,"BARC_TAPS II",BARC,7.56543100000000
2025-02-28,06:30,27,TAPS-II,"BARC_TAPS II",BARC,7.56543100000000
2025-02-28,06:45,28,TAPS-II,"BARC_TAPS II",BARC,7.56543100000000
2025-02-28,07:00,29,TAPS-II,"BARC_TAPS II",BARC,7.56543100000000
2025-02-28,07:15,30,TAPS-II,"BARC_TAPS II",BARC,7.56543100000000
2025-02-28,07:30,31,TAPS-II,"BARC_TAPS II",BARC,7.56543100000000
2025-02-28,07:45,32,TAPS-II,"BARC_TAPS II",BARC,7.56543100000000
2025-02-28,08:00,33,TAPS-II,"BARC_TAPS II",BARC,7.56543100000000
2025-02-28,08:15,34,TAPS-II,"BARC_TAPS II",BARC,7.56543100000000
2025-02-28,08:30,35,TAPS-II,"BARC_TAPS II",BARC,7.56543100000000
2025-02-28,08:45,36,TAPS-II,"BARC_TAPS II",BARC,7.56543100000000
2025-02-28,09:00,37,TAPS-II,"BARC_TAPS II",BARC,7.56543100000000
2025-02-28,09:15,38,TAPS-II,"BARC_TAPS II",BARC,7.56543100000000
2025-02-28,09:30,39,TAPS-II,"BARC_TAPS II",BARC,7.56543100000000
2025-02-28,09:45,40,TAPS-II,"BARC_TAPS II",BARC,7.56543100000000
2025-02-28,10:00,41,TAPS-II,"BARC_TAPS II",BARC,7.56543100000000
2025-02-28,10:15,42,TAPS-II,"BARC_TAPS II",BARC,7.56543100000000
2025-02-28,10:30,43,TAPS-II,"BARC_TAPS II",BARC,7.56543100000000
2025-02-28,10:45,44,TAPS-II,"BARC_TAPS II",BARC,7.56543100000000
2025-02-28,11:00,45,TAPS-II,"BARC_TAPS II",BARC,7.56543100000000
2025-02-28,11:15,46,TAPS-II,"BARC_TAPS II",BARC,7.56543100000000
2025-02-28,11:30,47,TAPS-II,"BARC_TAPS II",BARC,7.56543100000000
2025-02-28,11:45,48,TAPS-II,"BARC_TAPS II",BARC,7.56543100000000
2025-02-28,12:00,49,TAPS-II,"BARC_TAPS II",BARC,7.56543100000000
2025-02-28,12:15,50,TAPS-II,"BARC_TAPS II",BARC,7.56543100000000
2025-02-28,12:30,51,TAPS-II,"BARC_TAPS II",BARC,7.56543100000000
2025-02-28,12:45,52,TAPS-II,"BARC_TAPS II",BARC,7.56543100000000
2025-02-28,13:00,53,TAPS-II,"BARC_TAPS II",BARC,7.56543100000000
2025-02-28,13:15,54,TAPS-II,"BARC_TAPS II",BARC,7.56543100000000
2025-02-28,13:30,55,TAPS-II,"BARC_TAPS II",BARC,7.56543100000000
2025-02-28,13:45,56,TAPS-II,"BARC_TAPS II",BARC,7.56543100000000
2025-02-28,14:00,57,TAPS-II,"BARC_TAPS II",BARC,7.56543100000000
2025-02-28,14:15,58,TAPS-II,"BARC_TAPS II",BARC,7.56543100000000
2025-02-28,14:30,59,TAPS-II,"BARC_TAPS II",BARC,7.56543100000000
2025-02-28,14:45,60,TAPS-II,"BARC_TAPS II",BARC,7.56543100000000
2025-02-28,15:00,61,TAPS-II,"BARC_TAPS II",BARC,7.56543100000000
2025-02-28,15:15,62,TAPS-II,"BARC_TAPS II",BARC,7.56543100000000
2025-02-28,15:30,63,TAPS-II,"BARC_TAPS II",BARC,7.56543100000000
2025-02-28,15:45,64,TAPS-II,"BARC_TAPS II",BARC,7.56543100000000
2025-02-28,16:00,65,TAPS-II,"BARC_TAPS II",BARC,7.56543100000000
2025-02-28,16:15,66,TAPS-II,"BARC_TAPS II",BARC,7.56543100000000
2025-02-28,16:30,67,TAPS-II,"BARC_TAPS II",BARC,7.56543100000000
2025-02-28,16:45,68,TAPS-II,"BARC_TAPS II",BARC,7.56543100000000
2025-02-28,17:00,69,TAPS-II,"BARC_TAPS II",BARC,7.56543100000000
2025-02-28,17:15,70,TAPS-II,"BARC_TAPS II",BARC,7.56543100000000
2025-02-28,17:30,71,TAPS-II,"BARC_TAPS II",BARC,7.56543100000000
2025-02-28,17:45,72,TAPS-II,"BARC_TAPS II",BARC,7.56543100000000
2025-02-28,18:00,73,TAPS-II,"BARC_TAPS II",BARC,7.56543100000000
2025-02-28,18:15,74,TAPS-II,"BARC_TAPS II",BARC,7.56543100000000
2025-02-28,18:30,75,TAPS-II,"BARC_TAPS II",BARC,7.56543100000000
2025-02-28,18:45,76,TAPS-II,"BARC_TAPS II",BARC,7.56543100000000
2025-02-28,19:00,77,TAPS-II,"BARC_TAPS II",BARC,7.56543100000000
2025-02-28,19:15,78,TAPS-II,"BARC_TAPS II",BARC,7.56543100000000
2025-02-28,19:30,79,TAPS-II,"BARC_TAPS II",BARC,7.56543100000000
2025-02-28,19:45,80,TAPS-II,"BARC_TAPS II",BARC,7.56543100000000
2025-02-28,20:00,81,TAPS-II,"BARC_TAPS II",BARC,7.56543100000000
2025-02-28,20:15,82,TAPS-II,"BARC_TAPS II",BARC,7.56543100000000
2025-02-28,20:30,83,TAPS-II,"BARC_TAPS II",BARC,7.56543100000000
2025-02-28,20:45,84,TAPS-II,"BARC_TAPS II",BARC,7.56543100000000
2025-02-28,21:00,85,TAPS-II,"BARC_TAPS II",BARC,7.56543100000000
2025-02-28,21:15,86,TAPS-II,"BARC_TAPS II",BARC,7.56543100000000
2025-02-28,21:30,87,TAPS-II,"BARC_TAPS II",BARC,7.56543100000000
2025-02-28,21:45,88,TAPS-II,"BARC_TAPS II",BARC,7.56543100000000
2025-02-28,22:00,89,TAPS-II,"BARC_TAPS II",BARC,7.56543100000000
2025-02-28,22:15,90,TAPS-II,"BARC_TAPS II",BARC,7.56543100000000
2025-02-28,22:30,91,TAPS-II,"BARC_TAPS II",BARC,7.56543100000000
2025-02-28,22:45,92,TAPS-II,"BARC_TAPS II",BARC,7.56543100000000
2025-02-28,23:00,93,TAPS-II,"BARC_TAPS II",BARC,7.56543100000000
2025-02-28,23:15,94,TAPS-II,"BARC_TAPS II",BARC,7.56543100000000
2025-02-28,23:30,95,TAPS-II,"BARC_TAPS II",BARC,7.56543100000000
2025-02-28,23:45,96,TAPS-II,"BARC_TAPS II",BARC,7.56543100000000
2025-03-01,00:00,1,TAPS-II,"BARC_TAPS II",BARC,7.56543100000000
2025-03-01,00:15,2,TAPS-II,"BARC_TAPS II",BARC,7.56543100000000
2025-03-01,00:30,3,TAPS-II,"BARC_TAPS II",BARC,7.56543100000000
2025-03-01,00:45,4,TAPS-II,"BARC_TAPS II",BARC,7.56543100000000
2025-03-01,01:00,5,TAPS-II,"BARC_TAPS II",BARC,7.56543100000000
2025-03-01,01:15,6,TAPS-II,"BARC_TAPS II",BARC,7.56543100000000
2025-03-01,01:30,7,TAPS-II,"BARC_TAPS II",BARC,7.56543100000000
2025-03-01,01:45,8,TAPS-II,"BARC_TAPS II",BARC,7.56543100000000
2025-03-01,02:00,9,TAPS-II,"BARC_TAPS II",BARC,7.56543100000000
2025-03-01,02:15,10,TAPS-II,"BARC_TAPS II",BARC,7.56543100000000
2025-03-01,02:30,11,TAPS-II,"BARC_TAPS II",BARC,7.56543100000000
2025-03-01,02:45,12,TAPS-II,"BARC_TAPS II",BARC,7.56543100000000
2025-03-01,03:00,13,TAPS-II,"BARC_TAPS II",BARC,7.56543100000000
2025-03-01,03:15,14,TAPS-II,"BARC_TAPS II",BARC,7.56543100000000
2025-03-01,03:30,15,TAPS-II,"BARC_TAPS II",BARC,7.56543100000000
2025-03-01,03:45,16,TAPS-II,"BARC_TAPS II",BARC,7.56543100000000
2025-03-01,04:00,17,TAPS-II,"BARC_TAPS II",BARC,7.56543100000000
2025-03-01,04:15,18,TAPS-II,"BARC_TAPS II",BARC,7.56543100000000
2025-03-01,04:30,19,TAPS-II,"BARC_TAPS II",BARC,7.56543100000000
2025-03-01,04:45,20,TAPS-II,"BARC_TAPS II",BARC,7.56543100000000
2025-03-01,05:00,21,TAPS-II,"BARC_TAPS II",BARC,7.56543100000000
2025-03-01,05:15,22,TAPS-II,"BARC_TAPS II",BARC,7.56543100000000
2025-03-01,05:30,23,TAPS-II,"BARC_TAPS II",BARC,7.56543100000000
2025-03-01,05:45,24,TAPS-II,"BARC_TAPS II",BARC,7.56543100000000
2025-03-01,06:00,25,TAPS-II,"BARC_TAPS II",BARC,7.56543100000000
2025-03-01,06:15,26,TAPS-II,"BARC_TAPS II",BARC,7.56543100000000
2025-03-01,06:30,27,TAPS-II,"BARC_TAPS II",BARC,7.56543100000000
2025-03-01,06:45,28,TAPS-II,"BARC_TAPS II",BARC,7.56543100000000
2025-03-01,07:00,29,TAPS-II,"BARC_TAPS II",BARC,7.56543100000000
2025-03-01,07:15,30,TAPS-II,"BARC_TAPS II",BARC,7.56543100000000
2025-03-01,07:30,31,TAPS-II,"BARC_TAPS II",BARC,7.56543100000000
2025-03-01,07:45,32,TAPS-II,"BARC_TAPS II",BARC,7.56543100000000
2025-03-01,08:00,33,TAPS-II,"BARC_TAPS II",BARC,7.56543100000000
2025-03-01,08:15,34,TAPS-II,"BARC_TAPS II",BARC,7.56543100000000
2025-03-01,08:30,35,TAPS-II,"BARC_TAPS II",BARC,7.56543100000000
2025-03-01,08:45,36,TAPS-II,"BARC_TAPS II",BARC,7.56543100000000
2025-03-01,09:00,37,TAPS-II,"BARC_TAPS II",BARC,7.56543100000000
2025-03-01,09:15,38,TAPS-II,"BARC_TAPS II",BARC,7.56543100000000
2025-03-01,09:30,39,TAPS-II,"BARC_TAPS II",BARC,7.56543100000000
2025-03-01,09:45,40,TAPS-II,"BARC_TAPS II",BARC,7.56543100000000
2025-03-01,10:00,41,TAPS-II,"BARC_TAPS II",BARC,7.56543100000000
2025-03-01,10:15,42,TAPS-II,"BARC_TAPS II",BARC,7.56543100000000
2025-03-01,10:30,43,TAPS-II,"BARC_TAPS II",BARC,7.56543100000000
2025-03-01,10:45,44,TAPS-II,"BARC_TAPS II",BARC,7.56543100000000
2025-03-01,11:00,45,TAPS-II,"BARC_TAPS II",BARC,7.56543100000000
2025-03-01,11:15,46,TAPS-II,"BARC_TAPS II",BARC,7.56543100000000
2025-03-01,11:30,47,TAPS-II,"BARC_TAPS II",BARC,7.56543100000000
2025-03-01,11:45,48,TAPS-II,"BARC_TAPS II",BARC,7.56543100000000
2025-03-01,12:00,49,TAPS-II,"BARC_TAPS II",BARC,7.56543100000000
2025-03-01,12:15,50,TAPS-II,"BARC_TAPS II",BARC,7.56543100000000
2025-03-01,12:30,51,TAPS-II,"BARC_TAPS II",BARC,7.56543100000000
2025-03-01,12:45,52,TAPS-II,"BARC_TAPS II",BARC,7.56543100000000
2025-03-01,13:00,53,TAPS-II,"BARC_TAPS II",BARC,7.56543100000000
2025-03-01,13:15,54,TAPS-II,"BARC_TAPS II",BARC,7.56543100000000
2025-03-01,13:30,55,TAPS-II,"BARC_TAPS II",BARC,7.56543100000000
2025-03-01,13:45,56,TAPS-II,"BARC_TAPS II",BARC,7.56543100000000
2025-03-01,14:00,57,TAPS-II,"BARC_TAPS II",BARC,7.56543100000000
2025-03-01,14:15,58,TAPS-II,"BARC_TAPS II",BARC,7.56543100000000
2025-03-01,14:30,59,TAPS-II,"BARC_TAPS II",BARC,7.56543100000000
2025-03-01,14:45,60,TAPS-II,"BARC_TAPS II",BARC,7.56543100000000
2025-03-01,15:00,61,TAPS-II,"BARC_TAPS II",BARC,7.56543100000000
2025-03-01,15:15,62,TAPS-II,"BARC_TAPS II",BARC,7.56543100000000
2025-03-01,15:30,63,TAPS-II,"BARC_TAPS II",BARC,7.56543100000000
2025-03-01,15:45,64,TAPS-II,"BARC_TAPS II",BARC,7.56543100000000
2025-03-01,16:00,65,TAPS-II,"BARC_TAPS II",BARC,7.56543100000000
2025-03-01,16:15,66,TAPS-II,"BARC_TAPS II",BARC,7.56543100000000
2025-03-01,16:30,67,TAPS-II,"BARC_TAPS II",BARC,7.56543100000000
2025-03-01,16:45,68,TAPS-II,"BARC_TAPS II",BARC,7.56543100000000
2025-03-01,17:00,69,TAPS-II,"BARC_TAPS II",BARC,7.56543100000000
2025-03-01,17:15,70,TAPS-II,"BARC_TAPS II",BARC,7.56543100000000
2025-03-01,17:30,71,TAPS-II,"BARC_TAPS II",BARC,7.56543100000000
2025-03-01,17:45,72,TAPS-II,"BARC_TAPS II",BARC,7.56543100000000
2025-03-01,18:00,73,TAPS-II,"BARC_TAPS II",BARC,7.56543100000000
2025-03-01,18:15,74,TAPS-II,"BARC_TAPS II",BARC,7.56543100000000
2025-03-01,18:30,75,TAPS-II,"BARC_TAPS II",BARC,7.56543100000000
2025-03-01,18:45,76,TAPS-II,"BARC_TAPS II",BARC,7.56543100000000
2025-03-01,19:00,77,TAPS-II,"BARC_TAPS II",BARC,7.56543100000000
2025-03-01,19:15,78,TAPS-II,"BARC_TAPS II",BARC,7.56543100000000
2025-03-01,19:30,79,TAPS-II,"BARC_TAPS II",BARC,7.56543100000000
2025-03-01,19:45,80,TAPS-II,"BARC_TAPS II",BARC,7.56543100000000
2025-03-01,20:00,81,TAPS-II,"BARC_TAPS II",BARC,7.56543100000000
2025-03-01,20:15,82,TAPS-II,"BARC_TAPS II",BARC,7.56543100000000
2025-03-01,20:30,83,TAPS-II,"BARC_TAPS II",BARC,7.56543100000000
2025-03-01,20:45,84,TAPS-II,"BARC_TAPS II",BARC,7.56543100000000
2025-03-01,21:00,85,TAPS-II,"BARC_TAPS II",BARC,7.56543100000000
2025-03-01,21:15,86,TAPS-II,"BARC_TAPS II",BARC,7.56543100000000
2025-03-01,21:30,87,TAPS-II,"BARC_TAPS II",BARC,7.56543100000000
2025-03-01,21:45,88,TAPS-II,"BARC_TAPS II",BARC,7.56543100000000
2025-03-01,22:00,89,TAPS-II,"BARC_TAPS II",BARC,7.56543100000000
2025-03-01,22:15,90,TAPS-II,"BARC_TAPS II",BARC,7.56543100000000
2025-03-01,22:30,91,TAPS-II,"BARC_TAPS II",BARC,7.56543100000000
2025-03-01,22:45,92,TAPS-II,"BARC_TAPS II",BARC,7.56543100000000
2025-03-01,23:00,93,TAPS-II,"BARC_TAPS II",BARC,7.56543100000000
2025-03-01,23:15,94,TAPS-II,"BARC_TAPS II",BARC,7.56543100000000
2025-03-01,23:30,95,TAPS-II,"BARC_TAPS II",BARC,7.56543100000000
2025-03-01,23:45,96,TAPS-II,"BARC_TAPS II",BARC,7.56543100000000
2025-03-02,00:00,1,TAPS-II,"BARC_TAPS II",BARC,7.56543100000000
2025-03-02,00:15,2,TAPS-II,"BARC_TAPS II",BARC,7.56543100000000
2025-03-02,00:30,3,TAPS-II,"BARC_TAPS II",BARC,7.56543100000000
2025-03-02,00:45,4,TAPS-II,"BARC_TAPS II",BARC,7.56543100000000
2025-03-02,01:00,5,TAPS-II,"BARC_TAPS II",BARC,7.56543100000000
2025-03-02,01:15,6,TAPS-II,"BARC_TAPS II",BARC,7.56543100000000
2025-03-02,01:30,7,TAPS-II,"BARC_TAPS II",BARC,7.56543100000000
2025-03-02,01:45,8,TAPS-II,"BARC_TAPS II",BARC,7.56543100000000
2025-03-02,02:00,9,TAPS-II,"BARC_TAPS II",BARC,7.56543100000000
2025-03-02,02:15,10,TAPS-II,"BARC_TAPS II",BARC,7.56543100000000
2025-03-02,02:30,11,TAPS-II,"BARC_TAPS II",BARC,7.56543100000000
2025-03-02,02:45,12,TAPS-II,"BARC_TAPS II",BARC,7.56543100000000
2025-03-02,03:00,13,TAPS-II,"BARC_TAPS II",BARC,7.56543100000000
2025-03-02,03:15,14,TAPS-II,"BARC_TAPS II",BARC,7.56543100000000
2025-03-02,03:30,15,TAPS-II,"BARC_TAPS II",BARC,7.56543100000000
2025-03-02,03:45,16,TAPS-II,"BARC_TAPS II",BARC,7.56543100000000
2025-03-02,04:00,17,TAPS-II,"BARC_TAPS II",BARC,7.56543100000000
2025-03-02,04:15,18,TAPS-II,"BARC_TAPS II",BARC,7.56543100000000
2025-03-02,04:30,19,TAPS-II,"BARC_TAPS II",BARC,7.56543100000000
2025-03-02,04:45,20,TAPS-II,"BARC_TAPS II",BARC,7.56543100000000
2025-03-02,05:00,21,TAPS-II,"BARC_TAPS II",BARC,7.56543100000000
2025-03-02,05:15,22,TAPS-II,"BARC_TAPS II",BARC,7.56543100000000
2025-03-02,05:30,23,TAPS-II,"BARC_TAPS II",BARC,7.56543100000000
2025-03-02,05:45,24,TAPS-II,"BARC_TAPS II",BARC,7.56543100000000
2025-03-02,06:00,25,TAPS-II,"BARC_TAPS II",BARC,7.56543100000000
2025-03-02,06:15,26,TAPS-II,"BARC_TAPS II",BARC,7.56543100000000
2025-03-02,06:30,27,TAPS-II,"BARC_TAPS II",BARC,7.56543100000000
2025-03-02,06:45,28,TAPS-II,"BARC_TAPS II",BARC,7.56543100000000
2025-03-02,07:00,29,TAPS-II,"BARC_TAPS II",BARC,7.56543100000000
2025-03-02,07:15,30,TAPS-II,"BARC_TAPS II",BARC,7.56543100000000
2025-03-02,07:30,31,TAPS-II,"BARC_TAPS II",BARC,7.56543100000000
2025-03-02,07:45,32,TAPS-II,"BARC_TAPS II",BARC,7.56543100000000
2025-03-02,08:00,33,TAPS-II,"BARC_TAPS II",BARC,7.56543100000000
2025-03-02,08:15,34,TAPS-II,"BARC_TAPS II",BARC,7.56543100000000
2025-03-02,08:30,35,TAPS-II,"BARC_TAPS II",BARC,7.56543100000000
2025-03-02,08:45,36,TAPS-II,"BARC_TAPS II",BARC,7.56543100000000
2025-03-02,09:00,37,TAPS-II,"BARC_TAPS II",BARC,7.56543100000000
2025-03-02,09:15,38,TAPS-II,"BARC_TAPS II",BARC,7.56543100000000
2025-03-02,09:30,39,TAPS-II,"BARC_TAPS II",BARC,7.56543100000000
2025-03-02,09:45,40,TAPS-II,"BARC_TAPS II",BARC,7.56543100000000
2025-03-02,10:00,41,TAPS-II,"BARC_TAPS II",BARC,7.56543100000000
2025-03-02,10:15,42,TAPS-II,"BARC_TAPS II",BARC,7.56543100000000
2025-03-02,10:30,43,TAPS-II,"BARC_TAPS II",BARC,7.56543100000000
2025-03-02,10:45,44,TAPS-II,"BARC_TAPS II",BARC,7.56543100000000
2025-03-02,11:00,45,TAPS-II,"BARC_TAPS II",BARC,7.56543100000000
2025-03-02,11:15,46,TAPS-II,"BARC_TAPS II",BARC,7.56543100000000
2025-03-02,11:30,47,TAPS-II,"BARC_TAPS II",BARC,7.56543100000000
2025-03-02,11:45,48,TAPS-II,"BARC_TAPS II",BARC,7.56543100000000
2025-03-02,12:00,49,TAPS-II,"BARC_TAPS II",BARC,7.56543100000000
2025-03-02,12:15,50,TAPS-II,"BARC_TAPS II",BARC,7.56543100000000
2025-03-02,12:30,51,TAPS-II,"BARC_TAPS II",BARC,7.56543100000000
2025-03-02,12:45,52,TAPS-II,"BARC_TAPS II",BARC,7.56543100000000
2025-03-02,13:00,53,TAPS-II,"BARC_TAPS II",BARC,7.56543100000000
2025-03-02,13:15,54,TAPS-II,"BARC_TAPS II",BARC,7.56543100000000
2025-03-02,13:30,55,TAPS-II,"BARC_TAPS II",BARC,7.56543100000000
2025-03-02,13:45,56,TAPS-II,"BARC_TAPS II",BARC,7.56543100000000
2025-03-02,14:00,57,TAPS-II,"BARC_TAPS II",BARC,7.56543100000000
2025-03-02,14:15,58,TAPS-II,"BARC_TAPS II",BARC,7.56543100000000
2025-03-02,14:30,59,TAPS-II,"BARC_TAPS II",BARC,7.56543100000000
2025-03-02,14:45,60,TAPS-II,"BARC_TAPS II",BARC,7.56543100000000
2025-03-02,15:00,61,TAPS-II,"BARC_TAPS II",BARC,7.56543100000000
2025-03-02,15:15,62,TAPS-II,"BARC_TAPS II",BARC,7.56543100000000
2025-03-02,15:30,63,TAPS-II,"BARC_TAPS II",BARC,7.56543100000000
2025-03-02,15:45,64,TAPS-II,"BARC_TAPS II",BARC,7.56543100000000
2025-03-02,16:00,65,TAPS-II,"BARC_TAPS II",BARC,7.56543100000000
2025-03-02,16:15,66,TAPS-II,"BARC_TAPS II",BARC,7.56543100000000
2025-03-02,16:30,67,TAPS-II,"BARC_TAPS II",BARC,7.56543100000000
2025-03-02,16:45,68,TAPS-II,"BARC_TAPS II",BARC,7.56543100000000
2025-03-02,17:00,69,TAPS-II,"BARC_TAPS II",BARC,7.56543100000000
2025-03-02,17:15,70,TAPS-II,"BARC_TAPS II",BARC,7.56543100000000
2025-03-02,17:30,71,TAPS-II,"BARC_TAPS II",BARC,7.56543100000000
2025-03-02,17:45,72,TAPS-II,"BARC_TAPS II",BARC,7.56543100000000
2025-03-02,18:00,73,TAPS-II,"BARC_TAPS II",BARC,7.56543100000000
2025-03-02,18:15,74,TAPS-II,"BARC_TAPS II",BARC,7.56543100000000
2025-03-02,18:30,75,TAPS-II,"BARC_TAPS II",BARC,7.56543100000000
2025-03-02,18:45,76,TAPS-II,"BARC_TAPS II",BARC,7.56543100000000
2025-03-02,19:00,77,TAPS-II,"BARC_TAPS II",BARC,7.56543100000000
2025-03-02,19:15,78,TAPS-II,"BARC_TAPS II",BARC,7.56543100000000
2025-03-02,19:30,79,TAPS-II,"BARC_TAPS II",BARC,7.56543100000000
2025-03-02,19:45,80,TAPS-II,"BARC_TAPS II",BARC,7.56543100000000
2025-03-02,20:00,81,TAPS-II,"BARC_TAPS II",BARC,7.56543100000000
2025-03-02,20:15,82,TAPS-II,"BARC_TAPS II",BARC,7.56543100000000
2025-03-02,20:30,83,TAPS-II,"BARC_TAPS II",BARC,7.56543100000000
2025-03-02,20:45,84,TAPS-II,"BARC_TAPS II",BARC,7.56543100000000
2025-03-02,21:00,85,TAPS-II,"BARC_TAPS II",BARC,7.56543100000000
2025-03-02,21:15,86,TAPS-II,"BARC_TAPS II",BARC,7.56543100000000
2025-03-02,21:30,87,TAPS-II,"BARC_TAPS II",BARC,7.56543100000000
2025-03-02,21:45,88,TAPS-II,"BARC_TAPS II",BARC,7.56543100000000
2025-03-02,22:00,89,TAPS-II,"BARC_TAPS II",BARC,7.56543100000000
2025-03-02,22:15,90,TAPS-II,"BARC_TAPS II",BARC,7.56543100000000
2025-03-02,22:30,91,TAPS-II,"BARC_TAPS II",BARC,7.56543100000000
2025-03-02,22:45,92,TAPS-II,"BARC_TAPS II",BARC,7.56543100000000
2025-03-02,23:00,93,TAPS-II,"BARC_TAPS II",BARC,7.56543100000000
2025-03-02,23:15,94,TAPS-II,"BARC_TAPS II",BARC,7.56543100000000
2025-03-02,23:30,95,TAPS-II,"BARC_TAPS II",BARC,7.56543100000000
2025-03-02,23:45,96,TAPS-II,"BARC_TAPS II",BARC,7.56543100000000
2025-02-24,00:00,1,TAPS-II,"BARC_TAPS II",BARC,1.00487500000000
2025-02-24,00:15,2,TAPS-II,"BARC_TAPS II",BARC,1.01146100000000
2025-02-24,00:30,3,TAPS-II,"BARC_TAPS II",BARC,1.01109400000000
2025-02-24,00:45,4,TAPS-II,"BARC_TAPS II",BARC,1.00736100000000
2025-02-24,01:00,5,TAPS-II,"BARC_TAPS II",BARC,1.00506600000000
2025-02-24,01:15,6,TAPS-II,"BARC_TAPS II",BARC,1.00394700000000
2025-02-24,01:30,7,TAPS-II,"BARC_TAPS II",BARC,1.01277200000000
2025-02-24,01:45,8,TAPS-II,"BARC_TAPS II",BARC,1.00783600000000
2025-02-24,02:00,9,TAPS-II,"BARC_TAPS II",BARC,1.00666300000000
2025-02-24,02:15,10,TAPS-II,"BARC_TAPS II",BARC,1.00915800000000
2025-02-24,02:30,11,TAPS-II,"BARC_TAPS II",BARC,1.00514200000000
2025-02-24,02:45,12,TAPS-II,"BARC_TAPS II",BARC,1.00845100000000
2025-02-24,03:00,13,TAPS-II,"BARC_TAPS II",BARC,1.00779800000000
2025-02-24,03:15,14,TAPS-II,"BARC_TAPS II",BARC,1.00942200000000
2025-02-24,03:30,15,TAPS-II,"BARC_TAPS II",BARC,1.00675200000000
2025-02-24,03:45,16,TAPS-II,"BARC_TAPS II",BARC,1.00910100000000
2025-02-24,04:00,17,TAPS-II,"BARC_TAPS II",BARC,1.01053900000000
2025-02-24,04:15,18,TAPS-II,"BARC_TAPS II",BARC,1.01092700000000
2025-02-24,04:30,19,TAPS-II,"BARC_TAPS II",BARC,1.00908200000000
2025-02-24,04:45,20,TAPS-II,"BARC_TAPS II",BARC,1.01072800000000
2025-02-24,05:00,21,TAPS-II,"BARC_TAPS II",BARC,1.01042300000000
2025-02-24,05:15,22,TAPS-II,"BARC_TAPS II",BARC,1.00984300000000
2025-02-24,05:30,23,TAPS-II,"BARC_TAPS II",BARC,1.00976200000000
2025-02-24,05:45,24,TAPS-II,"BARC_TAPS II",BARC,0.99475200000000
2025-02-24,06:00,25,TAPS-II,"BARC_TAPS II",BARC,1.00579400000000
2025-02-24,06:15,26,TAPS-II,"BARC_TAPS II",BARC,1.00484800000000
2025-02-24,06:30,27,TAPS-II,"BARC_TAPS II",BARC,1.00702400000000
2025-02-24,06:45,28,TAPS-II,"BARC_TAPS II",BARC,1.00768500000000
2025-02-24,07:00,29,TAPS-II,"BARC_TAPS II",BARC,1.00977000000000
2025-02-24,07:15,30,TAPS-II,"BARC_TAPS II",BARC,1.00616400000000
2025-02-24,07:30,31,TAPS-II,"BARC_TAPS II",BARC,1.00591300000000
2025-02-24,07:45,32,TAPS-II,"BARC_TAPS II",BARC,1.00792500000000
2025-02-24,08:00,33,TAPS-II,"BARC_TAPS II",BARC,1.00155800000000
2025-02-24,08:15,34,TAPS-II,"BARC_TAPS II",BARC,1.00476200000000
2025-02-24,08:30,35,TAPS-II,"BARC_TAPS II",BARC,1.00307400000000
2025-02-24,08:45,36,TAPS-II,"BARC_TAPS II",BARC,1.00402100000000
2025-02-24,09:00,37,TAPS-II,"BARC_TAPS II",BARC,1.00590500000000
2025-02-24,09:15,38,TAPS-II,"BARC_TAPS II",BARC,0.99876300000000
2025-02-24,09:30,39,TAPS-II,"BARC_TAPS II",BARC,1.00578600000000
2025-02-24,09:45,40,TAPS-II,"BARC_TAPS II",BARC,0.99930000000000
2025-02-24,10:00,41,TAPS-II,"BARC_TAPS II",BARC,1.00478400000000
2025-02-24,10:15,42,TAPS-II,"BARC_TAPS II",BARC,1.00797500000000
2025-02-24,10:30,43,TAPS-II,"BARC_TAPS II",BARC,1.00713700000000
2025-02-24,10:45,44,TAPS-II,"BARC_TAPS II",BARC,1.00357100000000
2025-02-24,11:00,45,TAPS-II,"BARC_TAPS II",BARC,1.00133000000000
2025-02-24,11:15,46,TAPS-II,"BARC_TAPS II",BARC,1.00495800000000
2025-02-24,11:30,47,TAPS-II,"BARC_TAPS II",BARC,1.00729600000000
2025-02-24,11:45,48,TAPS-II,"BARC_TAPS II",BARC,1.00734500000000
2025-02-24,12:00,49,TAPS-II,"BARC_TAPS II",BARC,1.00378500000000
2025-02-24,12:15,50,TAPS-II,"BARC_TAPS II",BARC,1.00703500000000
2025-02-24,12:30,51,TAPS-II,"BARC_TAPS II",BARC,1.00603700000000
2025-02-24,12:45,52,TAPS-II,"BARC_TAPS II",BARC,1.00343200000000
2025-02-24,13:00,53,TAPS-II,"BARC_TAPS II",BARC,1.00059700000000
2025-02-24,13:15,54,TAPS-II,"BARC_TAPS II",BARC,1.00104700000000
2025-02-24,13:30,55,TAPS-II,"BARC_TAPS II",BARC,1.00075000000000
2025-02-24,13:45,56,TAPS-II,"BARC_TAPS II",BARC,0.99437700000000
2025-02-24,14:00,57,TAPS-II,"BARC_TAPS II",BARC,0.98990200000000
2025-02-24,14:15,58,TAPS-II,"BARC_TAPS II",BARC,0.99112900000000
2025-02-24,14:30,59,TAPS-II,"BARC_TAPS II",BARC,0.99328900000000
2025-02-24,14:45,60,TAPS-II,"BARC_TAPS II",BARC,0.98905500000000
2025-02-24,15:00,61,TAPS-II,"BARC_TAPS II",BARC,0.98981000000000
2025-02-24,15:15,62,TAPS-II,"BARC_TAPS II",BARC,0.99052800000000
2025-02-24,15:30,63,TAPS-II,"BARC_TAPS II",BARC,1.00164600000000
2025-02-24,15:45,64,TAPS-II,"BARC_TAPS II",BARC,1.05324500000000
2025-02-24,16:00,65,TAPS-II,"BARC_TAPS II",BARC,1.31233800000000
2025-02-24,16:15,66,TAPS-II,"BARC_TAPS II",BARC,1.32157100000000
2025-02-24,16:30,67,TAPS-II,"BARC_TAPS II",BARC,1.37375500000000
2025-02-24,16:45,68,TAPS-II,"BARC_TAPS II",BARC,1.39223500000000
2025-02-24,17:00,69,TAPS-II,"BARC_TAPS II",BARC,1.38846100000000
2025-02-24,17:15,70,TAPS-II,"BARC_TAPS II",BARC,1.38869500000000
2025-02-24,17:30,71,TAPS-II,"BARC_TAPS II",BARC,1.39212000000000
2025-02-24,17:45,72,TAPS-II,"BARC_TAPS II",BARC,1.44721500000000
2025-02-24,18:00,73,TAPS-II,"BARC_TAPS II",BARC,1.47327700000000
2025-02-24,18:15,74,TAPS-II,"BARC_TAPS II",BARC,1.52184300000000
2025-02-24,18:30,75,TAPS-II,"BARC_TAPS II",BARC,1.56031800000000
2025-02-24,18:45,76,TAPS-II,"BARC_TAPS II",BARC,1.58246500000000
2025-02-24,19:00,77,TAPS-II,"BARC_TAPS II",BARC,1.60953400000000
2025-02-24,19:15,78,TAPS-II,"BARC_TAPS II",BARC,1.64877800000000
2025-02-24,19:30,79,TAPS-II,"BARC_TAPS II",BARC,1.67875400000000
2025-02-24,19:45,80,TAPS-II,"BARC_TAPS II",BARC,1.68734900000000
2025-02-24,20:00,81,TAPS-II,"BARC_TAPS II",BARC,1.69321300000000
2025-02-24,20:15,82,TAPS-II,"BARC_TAPS II",BARC,1.69903100000000
2025-02-24,20:30,83,TAPS-II,"BARC_TAPS II",BARC,1.69373400000000
2025-02-24,20:45,84,TAPS-II,"BARC_TAPS II",BARC,1.69522800000000
2025-02-24,21:00,85,TAPS-II,"BARC_TAPS II",BARC,1.69668700000000
2025-02-24,21:15,86,TAPS-II,"BARC_TAPS II",BARC,1.70760000000000
2025-02-24,21:30,87,TAPS-II,"BARC_TAPS II",BARC,1.71308600000000
2025-02-24,21:45,88,TAPS-II,"BARC_TAPS II",BARC,1.72023300000000
2025-02-24,22:00,89,TAPS-II,"BARC_TAPS II",BARC,1.73795600000000
2025-02-24,22:15,90,TAPS-II,"BARC_TAPS II",BARC,1.74844600000000
2025-02-24,22:30,91,TAPS-II,"BARC_TAPS II",BARC,1.75231900000000
2025-02-24,22:45,92,TAPS-II,"BARC_TAPS II",BARC,1.76662700000000
2025-02-24,23:00,93,TAPS-II,"BARC_TAPS II",BARC,1.76643000000000
2025-02-24,23:15,94,TAPS-II,"BARC_TAPS II",BARC,1.77866800000000
2025-02-24,23:30,95,TAPS-II,"BARC_TAPS II",BARC,1.78084100000000
2025-02-24,23:45,96,TAPS-II,"BARC_TAPS II",BARC,1.77729200000000
2025-02-25,00:00,1,TAPS-II,"BARC_TAPS II",BARC,1.79027600000000
2025-02-25,00:15,2,TAPS-II,"BARC_TAPS II",BARC,1.79421700000000
2025-02-25,00:30,3,TAPS-II,"BARC_TAPS II",BARC,1.80339500000000
2025-02-25,00:45,4,TAPS-II,"BARC_TAPS II",BARC,1.80780200000000
2025-02-25,01:00,5,TAPS-II,"BARC_TAPS II",BARC,1.81541100000000
2025-02-25,01:15,6,TAPS-II,"BARC_TAPS II",BARC,1.81701100000000
2025-02-25,01:30,7,TAPS-II,"BARC_TAPS II",BARC,1.81871200000000
2025-02-25,01:45,8,TAPS-II,"BARC_TAPS II",BARC,1.81718300000000
2025-02-25,02:00,9,TAPS-II,"BARC_TAPS II",BARC,1.82088100000000
2025-02-25,02:15,10,TAPS-II,"BARC_TAPS II",BARC,1.81762000000000
2025-02-25,02:30,11,TAPS-II,"BARC_TAPS II",BARC,1.82399900000000
2025-02-25,02:45,12,TAPS-II,"BARC_TAPS II",BARC,1.82215100000000
2025-02-25,03:00,13,TAPS-II,"BARC_TAPS II",BARC,1.81895800000000
2025-02-25,03:15,14,TAPS-II,"BARC_TAPS II",BARC,1.82434400000000
2025-02-25,03:30,15,TAPS-II,"BARC_TAPS II",BARC,1.82298800000000
2025-02-25,03:45,16,TAPS-II,"BARC_TAPS II",BARC,1.82214300000000
2025-02-25,04:00,17,TAPS-II,"BARC_TAPS II",BARC,1.83598300000000
2025-02-25,04:15,18,TAPS-II,"BARC_TAPS II",BARC,1.83514100000000
2025-02-25,04:30,19,TAPS-II,"BARC_TAPS II",BARC,1.84789100000000
2025-02-25,04:45,20,TAPS-II,"BARC_TAPS II",BARC,1.85008600000000
2025-02-25,05:00,21,TAPS-II,"BARC_TAPS II",BARC,1.86307000000000
2025-02-25,05:15,22,TAPS-II,"BARC_TAPS II",BARC,1.86128200000000
2025-02-25,05:30,23,TAPS-II,"BARC_TAPS II",BARC,1.87633500000000
2025-02-25,05:45,24,TAPS-II,"BARC_TAPS II",BARC,1.87407500000000
2025-02-25,06:00,25,TAPS-II,"BARC_TAPS II",BARC,1.88121100000000
2025-02-25,06:15,26,TAPS-II,"BARC_TAPS II",BARC,1.88243000000000
2025-02-25,06:30,27,TAPS-II,"BARC_TAPS II",BARC,1.89487800000000
2025-02-25,06:45,28,TAPS-II,"BARC_TAPS II",BARC,1.90234900000000
2025-02-25,07:00,29,TAPS-II,"BARC_TAPS II",BARC,1.91379000000000
2025-02-25,07:15,30,TAPS-II,"BARC_TAPS II",BARC,1.91157100000000
2025-02-25,07:30,31,TAPS-II,"BARC_TAPS II",BARC,1.91020600000000
2025-02-25,07:45,32,TAPS-II,"BARC_TAPS II",BARC,1.91042500000000
2025-02-25,08:00,33,TAPS-II,"BARC_TAPS II",BARC,1.90775800000000
2025-02-25,08:15,34,TAPS-II,"BARC_TAPS II",BARC,1.91817200000000
2025-02-25,08:30,35,TAPS-II,"BARC_TAPS II",BARC,1.91025400000000
2025-02-25,08:45,36,TAPS-II,"BARC_TAPS II",BARC,1.90876800000000
2025-02-25,09:00,37,TAPS-II,"BARC_TAPS II",BARC,1.91115400000000
2025-02-25,09:15,38,TAPS-II,"BARC_TAPS II",BARC,1.89540800000000
2025-02-25,09:30,39,TAPS-II,"BARC_TAPS II",BARC,1.89404100000000
2025-02-25,09:45,40,TAPS-II,"BARC_TAPS II",BARC,1.90218400000000
2025-02-25,10:00,41,TAPS-II,"BARC_TAPS II",BARC,1.89319300000000
2025-02-25,10:15,42,TAPS-II,"BARC_TAPS II",BARC,1.89876400000000
2025-02-25,10:30,43,TAPS-II,"BARC_TAPS II",BARC,1.89592600000000
2025-02-25,10:45,44,TAPS-II,"BARC_TAPS II",BARC,1.89618300000000
2025-02-25,11:00,45,TAPS-II,"BARC_TAPS II",BARC,1.89968600000000
2025-02-25,11:15,46,TAPS-II,"BARC_TAPS II",BARC,1.90248800000000
2025-02-25,11:30,47,TAPS-II,"BARC_TAPS II",BARC,1.90418600000000
2025-02-25,11:45,48,TAPS-II,"BARC_TAPS II",BARC,1.89522000000000
2025-02-25,12:00,49,TAPS-II,"BARC_TAPS II",BARC,1.89501500000000
2025-02-25,12:15,50,TAPS-II,"BARC_TAPS II",BARC,1.89123000000000
2025-02-25,12:30,51,TAPS-II,"BARC_TAPS II",BARC,1.88933200000000
2025-02-25,12:45,52,TAPS-II,"BARC_TAPS II",BARC,1.88921200000000
2025-02-25,13:00,53,TAPS-II,"BARC_TAPS II",BARC,1.88848700000000
2025-02-25,13:15,54,TAPS-II,"BARC_TAPS II",BARC,1.89123300000000
2025-02-25,13:30,55,TAPS-II,"BARC_TAPS II",BARC,1.88103200000000
2025-02-25,13:45,56,TAPS-II,"BARC_TAPS II",BARC,1.87143200000000
2025-02-25,14:00,57,TAPS-II,"BARC_TAPS II",BARC,1.87224600000000
2025-02-25,14:15,58,TAPS-II,"BARC_TAPS II",BARC,1.87109100000000
2025-02-25,14:30,59,TAPS-II,"BARC_TAPS II",BARC,1.87555700000000
2025-02-25,14:45,60,TAPS-II,"BARC_TAPS II",BARC,1.87907500000000
2025-02-25,15:00,61,TAPS-II,"BARC_TAPS II",BARC,1.87497800000000
2025-02-25,15:15,62,TAPS-II,"BARC_TAPS II",BARC,1.88028300000000
2025-02-25,15:30,63,TAPS-II,"BARC_TAPS II",BARC,1.87486500000000
2025-02-25,15:45,64,TAPS-II,"BARC_TAPS II",BARC,1.87989200000000
2025-02-25,16:00,65,TAPS-II,"BARC_TAPS II",BARC,1.87298100000000
2025-02-25,16:15,66,TAPS-II,"BARC_TAPS II",BARC,1.87541100000000
2025-02-25,16:30,67,TAPS-II,"BARC_TAPS II",BARC,1.88227200000000
2025-02-25,16:45,68,TAPS-II,"BARC_TAPS II",BARC,1.88103300000000
2025-02-25,17:00,69,TAPS-II,"BARC_TAPS II",BARC,1.87249800000000
2025-02-25,17:15,70,TAPS-II,"BARC_TAPS II",BARC,1.87224100000000
2025-02-25,17:30,71,TAPS-II,"BARC_TAPS II",BARC,1.87730400000000
2025-02-25,17:45,72,TAPS-II,"BARC_TAPS II",BARC,1.87239500000000
2025-02-25,18:00,73,TAPS-II,"BARC_TAPS II",BARC,1.87136200000000
2025-02-25,18:15,74,TAPS-II,"BARC_TAPS II",BARC,1.87972900000000
2025-02-25,18:30,75,TAPS-II,"BARC_TAPS II",BARC,1.88656900000000
2025-02-25,18:45,76,TAPS-II,"BARC_TAPS II",BARC,1.89595000000000
2025-02-25,19:00,77,TAPS-II,"BARC_TAPS II",BARC,1.89389400000000
2025-02-25,19:15,78,TAPS-II,"BARC_TAPS II",BARC,1.89575800000000
2025-02-25,19:30,79,TAPS-II,"BARC_TAPS II",BARC,1.89842800000000
2025-02-25,19:45,80,TAPS-II,"BARC_TAPS II",BARC,1.91027100000000
2025-02-25,20:00,81,TAPS-II,"BARC_TAPS II",BARC,1.91119600000000
2025-02-25,20:15,82,TAPS-II,"BARC_TAPS II",BARC,1.91237200000000
2025-02-25,20:30,83,TAPS-II,"BARC_TAPS II",BARC,1.91211000000000
2025-02-25,20:45,84,TAPS-II,"BARC_TAPS II",BARC,1.91053300000000
2025-02-25,21:00,85,TAPS-II,"BARC_TAPS II",BARC,1.91308900000000
2025-02-25,21:15,86,TAPS-II,"BARC_TAPS II",BARC,1.91313500000000
2025-02-25,21:30,87,TAPS-II,"BARC_TAPS II",BARC,1.91402500000000
2025-02-25,21:45,88,TAPS-II,"BARC_TAPS II",BARC,1.91282800000000
2025-02-25,22:00,89,TAPS-II,"BARC_TAPS II",BARC,1.91245600000000
2025-02-25,22:15,90,TAPS-II,"BARC_TAPS II",BARC,1.91128800000000
2025-02-25,22:30,91,TAPS-II,"BARC_TAPS II",BARC,1.91386900000000
2025-02-25,22:45,92,TAPS-II,"BARC_TAPS II",BARC,1.90720400000000
2025-02-25,23:00,93,TAPS-II,"BARC_TAPS II",BARC,1.91068900000000
2025-02-25,23:15,94,TAPS-II,"BARC_TAPS II",BARC,1.90977700000000
2025-02-25,23:30,95,TAPS-II,"BARC_TAPS II",BARC,1.91232300000000
2025-02-25,23:45,96,TAPS-II,"BARC_TAPS II",BARC,1.91136300000000
2025-02-26,00:00,1,TAPS-II,"BARC_TAPS II",BARC,1.91473500000000
2025-02-26,00:15,2,TAPS-II,"BARC_TAPS II",BARC,1.92060100000000
2025-02-26,00:30,3,TAPS-II,"BARC_TAPS II",BARC,1.91673600000000
2025-02-26,00:45,4,TAPS-II,"BARC_TAPS II",BARC,1.91704100000000
2025-02-26,01:00,5,TAPS-II,"BARC_TAPS II",BARC,1.92110500000000
2025-02-26,01:15,6,TAPS-II,"BARC_TAPS II",BARC,1.91691400000000
2025-02-26,01:30,7,TAPS-II,"BARC_TAPS II",BARC,1.91841900000000
2025-02-26,01:45,8,TAPS-II,"BARC_TAPS II",BARC,1.91793100000000
2025-02-26,02:00,9,TAPS-II,"BARC_TAPS II",BARC,1.92088700000000
2025-02-26,02:15,10,TAPS-II,"BARC_TAPS II",BARC,1.91837000000000
2025-02-26,02:30,11,TAPS-II,"BARC_TAPS II",BARC,1.91548200000000
2025-02-26,02:45,12,TAPS-II,"BARC_TAPS II",BARC,1.91902600000000
2025-02-26,03:00,13,TAPS-II,"BARC_TAPS II",BARC,1.91438900000000
2025-02-26,03:15,14,TAPS-II,"BARC_TAPS II",BARC,1.91693800000000
2025-02-26,03:30,15,TAPS-II,"BARC_TAPS II",BARC,1.91773900000000
2025-02-26,03:45,16,TAPS-II,"BARC_TAPS II",BARC,1.91570800000000
2025-02-26,04:00,17,TAPS-II,"BARC_TAPS II",BARC,1.91774200000000
2025-02-26,04:15,18,TAPS-II,"BARC_TAPS II",BARC,1.91710000000000
2025-02-26,04:30,19,TAPS-II,"BARC_TAPS II",BARC,1.91909900000000
2025-02-26,04:45,20,TAPS-II,"BARC_TAPS II",BARC,1.91893700000000
2025-02-26,05:00,21,TAPS-II,"BARC_TAPS II",BARC,1.91885900000000
2025-02-26,05:15,22,TAPS-II,"BARC_TAPS II",BARC,1.91853800000000
2025-02-26,05:30,23,TAPS-II,"BARC_TAPS II",BARC,1.91627500000000
2025-02-26,05:45,24,TAPS-II,"BARC_TAPS II",BARC,1.91302200000000
2025-02-26,06:00,25,TAPS-II,"BARC_TAPS II",BARC,1.91476200000000
2025-02-26,06:15,26,TAPS-II,"BARC_TAPS II",BARC,1.91008500000000
2025-02-26,06:30,27,TAPS-II,"BARC_TAPS II",BARC,1.91353200000000
2025-02-26,06:45,28,TAPS-II,"BARC_TAPS II",BARC,1.90957700000000
2025-02-26,07:00,29,TAPS-II,"BARC_TAPS II",BARC,1.91168100000000
2025-02-26,07:15,30,TAPS-II,"BARC_TAPS II",BARC,1.91043500000000
2025-02-26,07:30,31,TAPS-II,"BARC_TAPS II",BARC,1.91468100000000
2025-02-26,07:45,32,TAPS-II,"BARC_TAPS II",BARC,1.91440300000000
2025-02-26,08:00,33,TAPS-II,"BARC_TAPS II",BARC,1.91707600000000
2025-02-26,08:15,34,TAPS-II,"BARC_TAPS II",BARC,1.91453900000000
2025-02-26,08:30,35,TAPS-II,"BARC_TAPS II",BARC,1.91081200000000
2025-02-26,08:45,36,TAPS-II,"BARC_TAPS II",BARC,1.91182100000000
2025-02-26,09:00,37,TAPS-II,"BARC_TAPS II",BARC,1.91269600000000
2025-02-26,09:15,38,TAPS-II,"BARC_TAPS II",BARC,1.90994500000000
2025-02-26,09:30,39,TAPS-II,"BARC_TAPS II",BARC,1.91158200000000
2025-02-26,09:45,40,TAPS-II,"BARC_TAPS II",BARC,1.91781100000000
2025-02-26,10:00,41,TAPS-II,"BARC_TAPS II",BARC,1.91578200000000
2025-02-26,10:15,42,TAPS-II,"BARC_TAPS II",BARC,1.91467400000000
2025-02-26,10:30,43,TAPS-II,"BARC_TAPS II",BARC,1.91541600000000
2025-02-26,10:45,44,TAPS-II,"BARC_TAPS II",BARC,1.91203400000000
2025-02-26,11:00,45,TAPS-II,"BARC_TAPS II",BARC,1.92417100000000
2025-02-26,11:15,46,TAPS-II,"BARC_TAPS II",BARC,1.93315800000000
2025-02-26,11:30,47,TAPS-II,"BARC_TAPS II",BARC,1.93285900000000
2025-02-26,11:45,48,TAPS-II,"BARC_TAPS II",BARC,1.92458100000000
2025-02-26,12:00,49,TAPS-II,"BARC_TAPS II",BARC,1.92081900000000
2025-02-26,12:15,50,TAPS-II,"BARC_TAPS II",BARC,1.91240600000000
2025-02-26,12:30,51,TAPS-II,"BARC_TAPS II",BARC,1.90751600000000
2025-02-26,12:45,52,TAPS-II,"BARC_TAPS II",BARC,1.90018000000000
2025-02-26,13:00,53,TAPS-II,"BARC_TAPS II",BARC,1.89740200000000
2025-02-26,13:15,54,TAPS-II,"BARC_TAPS II",BARC,1.89458000000000
2025-02-26,13:30,55,TAPS-II,"BARC_TAPS II",BARC,1.88963700000000
2025-02-26,13:45,56,TAPS-II,"BARC_TAPS II",BARC,1.89087700000000
2025-02-26,14:00,57,TAPS-II,"BARC_TAPS II",BARC,1.88600600000000
2025-02-26,14:15,58,TAPS-II,"BARC_TAPS II",BARC,1.88701300000000
2025-02-26,14:30,59,TAPS-II,"BARC_TAPS II",BARC,1.88232300000000
2025-02-26,14:45,60,TAPS-II,"BARC_TAPS II",BARC,1.88269000000000
2025-02-26,15:00,61,TAPS-II,"BARC_TAPS II",BARC,1.87984900000000
2025-02-26,15:15,62,TAPS-II,"BARC_TAPS II",BARC,1.88437000000000
2025-02-26,15:30,63,TAPS-II,"BARC_TAPS II",BARC,1.88487400000000
2025-02-26,15:45,64,TAPS-II,"BARC_TAPS II",BARC,1.88100300000000
2025-02-26,16:00,65,TAPS-II,"BARC_TAPS II",BARC,1.88411300000000
2025-02-26,16:15,66,TAPS-II,"BARC_TAPS II",BARC,1.88693400000000
2025-02-26,16:30,67,TAPS-II,"BARC_TAPS II",BARC,1.88300300000000
2025-02-26,16:45,68,TAPS-II,"BARC_TAPS II",BARC,1.88654300000000
2025-02-26,17:00,69,TAPS-II,"BARC_TAPS II",BARC,1.88527200000000
2025-02-26,17:15,70,TAPS-II,"BARC_TAPS II",BARC,1.88742100000000
2025-02-26,17:30,71,TAPS-II,"BARC_TAPS II",BARC,1.88492900000000
2025-02-26,17:45,72,TAPS-II,"BARC_TAPS II",BARC,1.88778200000000
2025-02-26,18:00,73,TAPS-II,"BARC_TAPS II",BARC,1.87986000000000
2025-02-26,18:15,74,TAPS-II,"BARC_TAPS II",BARC,1.89482700000000
2025-02-26,18:30,75,TAPS-II,"BARC_TAPS II",BARC,1.89851100000000
2025-02-26,18:45,76,TAPS-II,"BARC_TAPS II",BARC,1.90356400000000
2025-02-26,19:00,77,TAPS-II,"BARC_TAPS II",BARC,1.91313000000000
2025-02-26,19:15,78,TAPS-II,"BARC_TAPS II",BARC,1.91133900000000
2025-02-26,19:30,79,TAPS-II,"BARC_TAPS II",BARC,1.91328600000000
2025-02-26,19:45,80,TAPS-II,"BARC_TAPS II",BARC,1.91486700000000
2025-02-26,20:00,81,TAPS-II,"BARC_TAPS II",BARC,1.91757000000000
2025-02-26,20:15,82,TAPS-II,"BARC_TAPS II",BARC,1.92829600000000
2025-02-26,20:30,83,TAPS-II,"BARC_TAPS II",BARC,1.93016500000000
2025-02-26,20:45,84,TAPS-II,"BARC_TAPS II",BARC,1.92743900000000
2025-02-26,21:00,85,TAPS-II,"BARC_TAPS II",BARC,1.92811500000000
2025-02-26,21:15,86,TAPS-II,"BARC_TAPS II",BARC,1.92830200000000
2025-02-26,21:30,87,TAPS-II,"BARC_TAPS II",BARC,1.93300300000000
2025-02-26,21:45,88,TAPS-II,"BARC_TAPS II",BARC,1.92750600000000
2025-02-26,22:00,89,TAPS-II,"BARC_TAPS II",BARC,1.93134400000000
2025-02-26,22:15,90,TAPS-II,"BARC_TAPS II",BARC,1.92761900000000
2025-02-26,22:30,91,TAPS-II,"BARC_TAPS II",BARC,1.92151000000000
2025-02-26,22:45,92,TAPS-II,"BARC_TAPS II",BARC,1.92872800000000
2025-02-26,23:00,93,TAPS-II,"BARC_TAPS II",BARC,1.93094700000000
2025-02-26,23:15,94,TAPS-II,"BARC_TAPS II",BARC,1.93310500000000
2025-02-26,23:30,95,TAPS-II,"BARC_TAPS II",BARC,1.93549200000000
2025-02-26,23:45,96,TAPS-II,"BARC_TAPS II",BARC,1.93082300000000
2025-02-27,00:00,1,TAPS-II,"BARC_TAPS II",BARC,1.93572700000000
2025-02-27,00:15,2,TAPS-II,"BARC_TAPS II",BARC,1.94095400000000
2025-02-27,00:30,3,TAPS-II,"BARC_TAPS II",BARC,1.93389000000000
2025-02-27,00:45,4,TAPS-II,"BARC_TAPS II",BARC,1.93506300000000
2025-02-27,01:00,5,TAPS-II,"BARC_TAPS II",BARC,1.93673000000000
2025-02-27,01:15,6,TAPS-II,"BARC_TAPS II",BARC,1.93632600000000
2025-02-27,01:30,7,TAPS-II,"BARC_TAPS II",BARC,1.93912800000000
2025-02-27,01:45,8,TAPS-II,"BARC_TAPS II",BARC,1.93768500000000
2025-02-27,02:00,9,TAPS-II,"BARC_TAPS II",BARC,1.93755500000000
2025-02-27,02:15,10,TAPS-II,"BARC_TAPS II",BARC,1.93449200000000
2025-02-27,02:30,11,TAPS-II,"BARC_TAPS II",BARC,1.93504200000000
2025-02-27,02:45,12,TAPS-II,"BARC_TAPS II",BARC,1.93428600000000
2025-02-27,03:00,13,TAPS-II,"BARC_TAPS II",BARC,1.93221000000000
2025-02-27,03:15,14,TAPS-II,"BARC_TAPS II",BARC,1.93522500000000
2025-02-27,03:30,15,TAPS-II,"BARC_TAPS II",BARC,1.93458100000000
2025-02-27,03:45,16,TAPS-II,"BARC_TAPS II",BARC,1.93314800000000
2025-02-27,04:00,17,TAPS-II,"BARC_TAPS II",BARC,1.93501800000000
2025-02-27,04:15,18,TAPS-II,"BARC_TAPS II",BARC,1.93689500000000
2025-02-27,04:30,19,TAPS-II,"BARC_TAPS II",BARC,1.93626400000000
2025-02-27,04:45,20,TAPS-II,"BARC_TAPS II",BARC,1.93484500000000
2025-02-27,05:00,21,TAPS-II,"BARC_TAPS II",BARC,1.94415000000000
2025-02-27,05:15,22,TAPS-II,"BARC_TAPS II",BARC,1.93560500000000
2025-02-27,05:30,23,TAPS-II,"BARC_TAPS II",BARC,1.93893900000000
2025-02-27,05:45,24,TAPS-II,"BARC_TAPS II",BARC,1.93738000000000
2025-02-27,06:00,25,TAPS-II,"BARC_TAPS II",BARC,1.93555400000000
2025-02-27,06:15,26,TAPS-II,"BARC_TAPS II",BARC,1.93537100000000
2025-02-27,06:30,27,TAPS-II,"BARC_TAPS II",BARC,1.93258700000000
2025-02-27,06:45,28,TAPS-II,"BARC_TAPS II",BARC,1.93475800000000
2025-02-27,07:00,29,TAPS-II,"BARC_TAPS II",BARC,1.93721000000000
2025-02-27,07:15,30,TAPS-II,"BARC_TAPS II",BARC,1.93295100000000
2025-02-27,07:30,31,TAPS-II,"BARC_TAPS II",BARC,1.93440500000000
2025-02-27,07:45,32,TAPS-II,"BARC_TAPS II",BARC,1.93060300000000
2025-02-27,08:00,33,TAPS-II,"BARC_TAPS II",BARC,1.93594900000000
2025-02-27,08:15,34,TAPS-II,"BARC_TAPS II",BARC,1.93468400000000
2025-02-27,08:30,35,TAPS-II,"BARC_TAPS II",BARC,1.93272400000000
2025-02-27,08:45,36,TAPS-II,"BARC_TAPS II",BARC,1.92459200000000
2025-02-27,09:00,37,TAPS-II,"BARC_TAPS II",BARC,1.93514200000000
2025-02-27,09:15,38,TAPS-II,"BARC_TAPS II",BARC,1.93057500000000
2025-02-27,09:30,39,TAPS-II,"BARC_TAPS II",BARC,1.92935700000000
2025-02-27,09:45,40,TAPS-II,"BARC_TAPS II",BARC,1.92873400000000
2025-02-27,10:00,41,TAPS-II,"BARC_TAPS II",BARC,1.93136200000000
2025-02-27,10:15,42,TAPS-II,"BARC_TAPS II",BARC,1.92981400000000
2025-02-27,10:30,43,TAPS-II,"BARC_TAPS II",BARC,1.93187700000000
2025-02-27,10:45,44,TAPS-II,"BARC_TAPS II",BARC,1.93578300000000
2025-02-27,11:00,45,TAPS-II,"BARC_TAPS II",BARC,1.93060200000000
2025-02-27,11:15,46,TAPS-II,"BARC_TAPS II",BARC,1.93845100000000
2025-02-27,11:30,47,TAPS-II,"BARC_TAPS II",BARC,1.91882100000000
2025-02-27,11:45,48,TAPS-II,"BARC_TAPS II",BARC,1.91269800000000
2025-02-27,12:00,49,TAPS-II,"BARC_TAPS II",BARC,1.91455900000000
2025-02-27,12:15,50,TAPS-II,"BARC_TAPS II",BARC,1.91784100000000
2025-02-27,12:30,51,TAPS-II,"BARC_TAPS II",BARC,1.91809200000000
2025-02-27,12:45,52,TAPS-II,"BARC_TAPS II",BARC,1.92177600000000
2025-02-27,13:00,53,TAPS-II,"BARC_TAPS II",BARC,1.92551200000000
2025-02-27,13:15,54,TAPS-II,"BARC_TAPS II",BARC,1.92581600000000
2025-02-27,13:30,55,TAPS-II,"BARC_TAPS II",BARC,1.92371300000000
2025-02-27,13:45,56,TAPS-II,"BARC_TAPS II",BARC,1.92157700000000
2025-02-27,14:00,57,TAPS-II,"BARC_TAPS II",BARC,1.92396100000000
2025-02-27,14:15,58,TAPS-II,"BARC_TAPS II",BARC,1.92425700000000
2025-02-27,14:30,59,TAPS-II,"BARC_TAPS II",BARC,1.92283400000000
2025-02-27,14:45,60,TAPS-II,"BARC_TAPS II",BARC,1.92071100000000
2025-02-27,15:00,61,TAPS-II,"BARC_TAPS II",BARC,1.91515800000000
2025-02-27,15:15,62,TAPS-II,"BARC_TAPS II",BARC,1.92529600000000
2025-02-27,15:30,63,TAPS-II,"BARC_TAPS II",BARC,1.92345400000000
2025-02-27,15:45,64,TAPS-II,"BARC_TAPS II",BARC,1.91808100000000
2025-02-27,16:00,65,TAPS-II,"BARC_TAPS II",BARC,1.91297500000000
2025-02-27,16:15,66,TAPS-II,"BARC_TAPS II",BARC,1.92151600000000
2025-02-27,16:30,67,TAPS-II,"BARC_TAPS II",BARC,1.92152100000000
2025-02-27,16:45,68,TAPS-II,"BARC_TAPS II",BARC,1.91690500000000
2025-02-27,17:00,69,TAPS-II,"BARC_TAPS II",BARC,1.91864100000000
2025-02-27,17:15,70,TAPS-II,"BARC_TAPS II",BARC,1.92240900000000
2025-02-27,17:30,71,TAPS-II,"BARC_TAPS II",BARC,1.92182300000000
2025-02-27,17:45,72,TAPS-II,"BARC_TAPS II",BARC,1.91967100000000
2025-02-27,18:00,73,TAPS-II,"BARC_TAPS II",BARC,1.91864500000000
2025-02-27,18:15,74,TAPS-II,"BARC_TAPS II",BARC,1.91461800000000
2025-02-27,18:30,75,TAPS-II,"BARC_TAPS II",BARC,1.91791200000000
2025-02-27,18:45,76,TAPS-II,"BARC_TAPS II",BARC,1.91512600000000
2025-02-27,19:00,77,TAPS-II,"BARC_TAPS II",BARC,1.91453900000000
2025-02-27,19:15,78,TAPS-II,"BARC_TAPS II",BARC,1.91484800000000
2025-02-27,19:30,79,TAPS-II,"BARC_TAPS II",BARC,1.91670600000000
2025-02-27,19:45,80,TAPS-II,"BARC_TAPS II",BARC,1.92079300000000
2025-02-27,20:00,81,TAPS-II,"BARC_TAPS II",BARC,1.92326900000000
2025-02-27,20:15,82,TAPS-II,"BARC_TAPS II",BARC,1.93051900000000
2025-02-27,20:30,83,TAPS-II,"BARC_TAPS II",BARC,1.93010300000000
2025-02-27,20:45,84,TAPS-II,"BARC_TAPS II",BARC,1.92794600000000
2025-02-27,21:00,85,TAPS-II,"BARC_TAPS II",BARC,1.93259000000000
2025-02-27,21:15,86,TAPS-II,"BARC_TAPS II",BARC,1.93448100000000
2025-02-27,21:30,87,TAPS-II,"BARC_TAPS II",BARC,1.93495000000000
2025-02-27,21:45,88,TAPS-II,"BARC_TAPS II",BARC,1.93021100000000
2025-02-27,22:00,89,TAPS-II,"BARC_TAPS II",BARC,1.93390600000000
2025-02-27,22:15,90,TAPS-II,"BARC_TAPS II",BARC,1.93145500000000
2025-02-27,22:30,91,TAPS-II,"BARC_TAPS II",BARC,1.93208300000000
2025-02-27,22:45,92,TAPS-II,"BARC_TAPS II",BARC,1.93134900000000
2025-02-27,23:00,93,TAPS-II,"BARC_TAPS II",BARC,1.93082300000000
2025-02-27,23:15,94,TAPS-II,"BARC_TAPS II",BARC,1.93053200000000
2025-02-27,23:30,95,TAPS-II,"BARC_TAPS II",BARC,1.92914800000000
2025-02-27,23:45,96,TAPS-II,"BARC_TAPS II",BARC,1.92897800000000
2025-02-28,00:00,1,TAPS-II,"BARC_TAPS II",BARC,1.92993100000000
2025-02-28,00:15,2,TAPS-II,"BARC_TAPS II",BARC,1.93456200000000
2025-02-28,00:30,3,TAPS-II,"BARC_TAPS II",BARC,1.93384200000000
2025-02-28,00:45,4,TAPS-II,"BARC_TAPS II",BARC,1.93220700000000
2025-02-28,01:00,5,TAPS-II,"BARC_TAPS II",BARC,1.93128500000000
2025-02-28,01:15,6,TAPS-II,"BARC_TAPS II",BARC,1.93464300000000
2025-02-28,01:30,7,TAPS-II,"BARC_TAPS II",BARC,1.93649500000000
2025-02-28,01:45,8,TAPS-II,"BARC_TAPS II",BARC,1.93599400000000
2025-02-28,02:00,9,TAPS-II,"BARC_TAPS II",BARC,1.93613400000000
2025-02-28,02:15,10,TAPS-II,"BARC_TAPS II",BARC,1.93699700000000
2025-02-28,02:30,11,TAPS-II,"BARC_TAPS II",BARC,1.93536300000000
2025-02-28,02:45,12,TAPS-II,"BARC_TAPS II",BARC,1.93634500000000
2025-02-28,03:00,13,TAPS-II,"BARC_TAPS II",BARC,1.93652800000000
2025-02-28,03:15,14,TAPS-II,"BARC_TAPS II",BARC,1.93687900000000
2025-02-28,03:30,15,TAPS-II,"BARC_TAPS II",BARC,1.93674600000000
2025-02-28,03:45,16,TAPS-II,"BARC_TAPS II",BARC,1.93653900000000
2025-02-28,04:00,17,TAPS-II,"BARC_TAPS II",BARC,1.93816200000000
2025-02-28,04:15,18,TAPS-II,"BARC_TAPS II",BARC,1.93563200000000
2025-02-28,04:30,19,TAPS-II,"BARC_TAPS II",BARC,1.93778200000000
2025-02-28,04:45,20,TAPS-II,"BARC_TAPS II",BARC,1.93465100000000
2025-02-28,05:00,21,TAPS-II,"BARC_TAPS II",BARC,1.93737700000000
2025-02-28,05:15,22,TAPS-II,"BARC_TAPS II",BARC,1.93479600000000
2025-02-28,05:30,23,TAPS-II,"BARC_TAPS II",BARC,1.93757200000000
2025-02-28,05:45,24,TAPS-II,"BARC_TAPS II",BARC,1.93184300000000
2025-02-28,06:00,25,TAPS-II,"BARC_TAPS II",BARC,1.92464900000000
2025-02-28,06:15,26,TAPS-II,"BARC_TAPS II",BARC,1.92986800000000
2025-02-28,06:30,27,TAPS-II,"BARC_TAPS II",BARC,1.92918100000000
2025-02-28,06:45,28,TAPS-II,"BARC_TAPS II",BARC,1.93143000000000
2025-02-28,07:00,29,TAPS-II,"BARC_TAPS II",BARC,1.92891600000000
2025-02-28,07:15,30,TAPS-II,"BARC_TAPS II",BARC,1.92996800000000
2025-02-28,07:30,31,TAPS-II,"BARC_TAPS II",BARC,1.93038400000000
2025-02-28,07:45,32,TAPS-II,"BARC_TAPS II",BARC,1.92881700000000
2025-02-28,08:00,33,TAPS-II,"BARC_TAPS II",BARC,1.93240100000000
2025-02-28,08:15,34,TAPS-II,"BARC_TAPS II",BARC,1.93639300000000
2025-02-28,08:30,35,TAPS-II,"BARC_TAPS II",BARC,1.93473000000000
2025-02-28,08:45,36,TAPS-II,"BARC_TAPS II",BARC,1.92808000000000
2025-02-28,09:00,37,TAPS-II,"BARC_TAPS II",BARC,1.91979000000000
2025-02-28,09:15,38,TAPS-II,"BARC_TAPS II",BARC,1.91298400000000
2025-02-28,09:30,39,TAPS-II,"BARC_TAPS II",BARC,1.91272600000000
2025-02-28,09:45,40,TAPS-II,"BARC_TAPS II",BARC,1.90743200000000
2025-02-28,10:00,41,TAPS-II,"BARC_TAPS II",BARC,1.91136300000000
2025-02-28,10:15,42,TAPS-II,"BARC_TAPS II",BARC,1.91691600000000
2025-02-28,10:30,43,TAPS-II,"BARC_TAPS II",BARC,1.92987300000000
2025-02-28,10:45,44,TAPS-II,"BARC_TAPS II",BARC,1.93073400000000
2025-02-28,11:00,45,TAPS-II,"BARC_TAPS II",BARC,1.93424300000000
2025-02-28,11:15,46,TAPS-II,"BARC_TAPS II",BARC,1.93262700000000
2025-02-28,11:30,47,TAPS-II,"BARC_TAPS II",BARC,1.93606900000000
2025-02-28,11:45,48,TAPS-II,"BARC_TAPS II",BARC,1.92696100000000
2025-02-28,12:00,49,TAPS-II,"BARC_TAPS II",BARC,1.91592400000000
2025-02-28,12:15,50,TAPS-II,"BARC_TAPS II",BARC,1.91986200000000
2025-02-28,12:30,51,TAPS-II,"BARC_TAPS II",BARC,1.91963200000000
2025-02-28,12:45,52,TAPS-II,"BARC_TAPS II",BARC,1.91564900000000
2025-02-28,13:00,53,TAPS-II,"BARC_TAPS II",BARC,1.92421100000000
2025-02-28,13:15,54,TAPS-II,"BARC_TAPS II",BARC,1.92267800000000
2025-02-28,13:30,55,TAPS-II,"BARC_TAPS II",BARC,1.92647500000000
2025-02-28,13:45,56,TAPS-II,"BARC_TAPS II",BARC,1.92237900000000
2025-02-28,14:00,57,TAPS-II,"BARC_TAPS II",BARC,1.92477900000000
2025-02-28,14:15,58,TAPS-II,"BARC_TAPS II",BARC,1.92310100000000
2025-02-28,14:30,59,TAPS-II,"BARC_TAPS II",BARC,1.93106300000000
2025-02-28,14:45,60,TAPS-II,"BARC_TAPS II",BARC,1.91238800000000
2025-02-28,15:00,61,TAPS-II,"BARC_TAPS II",BARC,1.92855500000000
2025-02-28,15:15,62,TAPS-II,"BARC_TAPS II",BARC,1.92728400000000
2025-02-28,15:30,63,TAPS-II,"BARC_TAPS II",BARC,1.92820300000000
2025-02-28,15:45,64,TAPS-II,"BARC_TAPS II",BARC,1.92768800000000
2025-02-28,16:00,65,TAPS-II,"BARC_TAPS II",BARC,1.92018100000000
2025-02-28,16:15,66,TAPS-II,"BARC_TAPS II",BARC,1.92344400000000
2025-02-28,16:30,67,TAPS-II,"BARC_TAPS II",BARC,1.92052500000000
2025-02-28,16:45,68,TAPS-II,"BARC_TAPS II",BARC,1.91897400000000
2025-02-28,17:00,69,TAPS-II,"BARC_TAPS II",BARC,1.92136500000000
2025-02-28,17:15,70,TAPS-II,"BARC_TAPS II",BARC,1.92053100000000
2025-02-28,17:30,71,TAPS-II,"BARC_TAPS II",BARC,1.91893200000000
2025-02-28,17:45,72,TAPS-II,"BARC_TAPS II",BARC,1.92129200000000
2025-02-28,18:00,73,TAPS-II,"BARC_TAPS II",BARC,1.91113400000000
2025-02-28,18:15,74,TAPS-II,"BARC_TAPS II",BARC,1.91680900000000
2025-02-28,18:30,75,TAPS-II,"BARC_TAPS II",BARC,1.90986900000000
2025-02-28,18:45,76,TAPS-II,"BARC_TAPS II",BARC,1.91482700000000
2025-02-28,19:00,77,TAPS-II,"BARC_TAPS II",BARC,1.91288400000000
2025-02-28,19:15,78,TAPS-II,"BARC_TAPS II",BARC,1.91562700000000
2025-02-28,19:30,79,TAPS-II,"BARC_TAPS II",BARC,1.91528200000000
2025-02-28,19:45,80,TAPS-II,"BARC_TAPS II",BARC,1.91574400000000
2025-02-28,20:00,81,TAPS-II,"BARC_TAPS II",BARC,1.91974100000000
2025-02-28,20:15,82,TAPS-II,"BARC_TAPS II",BARC,1.92016700000000
2025-02-28,20:30,83,TAPS-II,"BARC_TAPS II",BARC,1.92046600000000
2025-02-28,20:45,84,TAPS-II,"BARC_TAPS II",BARC,1.91864000000000
2025-02-28,21:00,85,TAPS-II,"BARC_TAPS II",BARC,1.92928100000000
2025-02-28,21:15,86,TAPS-II,"BARC_TAPS II",BARC,1.93075900000000
2025-02-28,21:30,87,TAPS-II,"BARC_TAPS II",BARC,1.92643800000000
2025-02-28,21:45,88,TAPS-II,"BARC_TAPS II",BARC,1.93041300000000
2025-02-28,22:00,89,TAPS-II,"BARC_TAPS II",BARC,1.93235300000000
2025-02-28,22:15,90,TAPS-II,"BARC_TAPS II",BARC,1.92956600000000
2025-02-28,22:30,91,TAPS-II,"BARC_TAPS II",BARC,1.93086400000000
2025-02-28,22:45,92,TAPS-II,"BARC_TAPS II",BARC,1.92888900000000
2025-02-28,23:00,93,TAPS-II,"BARC_TAPS II",BARC,1.92660800000000
2025-02-28,23:15,94,TAPS-II,"BARC_TAPS II",BARC,1.93366900000000
2025-02-28,23:30,95,TAPS-II,"BARC_TAPS II",BARC,1.93523300000000
2025-02-28,23:45,96,TAPS-II,"BARC_TAPS II",BARC,1.92944800000000
2025-03-01,00:00,1,TAPS-II,"BARC_TAPS II",BARC,1.93181600000000
2025-03-01,00:15,2,TAPS-II,"BARC_TAPS II",BARC,1.93028100000000
2025-03-01,00:30,3,TAPS-II,"BARC_TAPS II",BARC,1.93829700000000
2025-03-01,00:45,4,TAPS-II,"BARC_TAPS II",BARC,1.93898800000000
2025-03-01,01:00,5,TAPS-II,"BARC_TAPS II",BARC,1.94156900000000
2025-03-01,01:15,6,TAPS-II,"BARC_TAPS II",BARC,1.94181200000000
2025-03-01,01:30,7,TAPS-II,"BARC_TAPS II",BARC,1.93745600000000
2025-03-01,01:45,8,TAPS-II,"BARC_TAPS II",BARC,1.93804100000000
2025-03-01,02:00,9,TAPS-II,"BARC_TAPS II",BARC,1.93743400000000
2025-03-01,02:15,10,TAPS-II,"BARC_TAPS II",BARC,1.94055500000000
2025-03-01,02:30,11,TAPS-II,"BARC_TAPS II",BARC,1.93876100000000
2025-03-01,02:45,12,TAPS-II,"BARC_TAPS II",BARC,1.94131500000000
2025-03-01,03:00,13,TAPS-II,"BARC_TAPS II",BARC,1.93717200000000
2025-03-01,03:15,14,TAPS-II,"BARC_TAPS II",BARC,1.94244800000000
2025-03-01,03:30,15,TAPS-II,"BARC_TAPS II",BARC,1.94224600000000
2025-03-01,03:45,16,TAPS-II,"BARC_TAPS II",BARC,1.93722400000000
2025-03-01,04:00,17,TAPS-II,"BARC_TAPS II",BARC,1.94166300000000
2025-03-01,04:15,18,TAPS-II,"BARC_TAPS II",BARC,1.94014200000000
2025-03-01,04:30,19,TAPS-II,"BARC_TAPS II",BARC,1.94080500000000
2025-03-01,04:45,20,TAPS-II,"BARC_TAPS II",BARC,1.93976200000000
2025-03-01,05:00,21,TAPS-II,"BARC_TAPS II",BARC,1.94173600000000
2025-03-01,05:15,22,TAPS-II,"BARC_TAPS II",BARC,1.93777100000000
2025-03-01,05:30,23,TAPS-II,"BARC_TAPS II",BARC,1.93713200000000
2025-03-01,05:45,24,TAPS-II,"BARC_TAPS II",BARC,1.93774700000000
2025-03-01,06:00,25,TAPS-II,"BARC_TAPS II",BARC,1.93527100000000
2025-03-01,06:15,26,TAPS-II,"BARC_TAPS II",BARC,1.93572400000000
2025-03-01,06:30,27,TAPS-II,"BARC_TAPS II",BARC,1.93676500000000
2025-03-01,06:45,28,TAPS-II,"BARC_TAPS II",BARC,1.93643900000000
2025-03-01,07:00,29,TAPS-II,"BARC_TAPS II",BARC,1.93309400000000
2025-03-01,07:15,30,TAPS-II,"BARC_TAPS II",BARC,1.93326200000000
2025-03-01,07:30,31,TAPS-II,"BARC_TAPS II",BARC,1.93105000000000
2025-03-01,07:45,32,TAPS-II,"BARC_TAPS II",BARC,1.93298600000000
2025-03-01,08:00,33,TAPS-II,"BARC_TAPS II",BARC,1.93273900000000
2025-03-01,08:15,34,TAPS-II,"BARC_TAPS II",BARC,1.93519900000000
2025-03-01,08:30,35,TAPS-II,"BARC_TAPS II",BARC,1.93730400000000
2025-03-01,08:45,36,TAPS-II,"BARC_TAPS II",BARC,1.93486400000000
2025-03-01,09:00,37,TAPS-II,"BARC_TAPS II",BARC,1.93647400000000
2025-03-01,09:15,38,TAPS-II,"BARC_TAPS II",BARC,1.93002300000000
2025-03-01,09:30,39,TAPS-II,"BARC_TAPS II",BARC,1.92927100000000
2025-03-01,09:45,40,TAPS-II,"BARC_TAPS II",BARC,1.93059600000000
2025-03-01,10:00,41,TAPS-II,"BARC_TAPS II",BARC,1.93645700000000
2025-03-01,10:15,42,TAPS-II,"BARC_TAPS II",BARC,1.93535100000000
2025-03-01,10:30,43,TAPS-II,"BARC_TAPS II",BARC,1.93958800000000
2025-03-01,10:45,44,TAPS-II,"BARC_TAPS II",BARC,1.93674300000000
2025-03-01,11:00,45,TAPS-II,"BARC_TAPS II",BARC,1.93728500000000
2025-03-01,11:15,46,TAPS-II,"BARC_TAPS II",BARC,1.93782000000000
2025-03-01,11:30,47,TAPS-II,"BARC_TAPS II",BARC,1.93879900000000
2025-03-01,11:45,48,TAPS-II,"BARC_TAPS II",BARC,1.94241400000000
2025-03-01,12:00,49,TAPS-II,"BARC_TAPS II",BARC,1.93961400000000
2025-03-01,12:15,50,TAPS-II,"BARC_TAPS II",BARC,1.94010200000000
2025-03-01,12:30,51,TAPS-II,"BARC_TAPS II",BARC,1.94390800000000
2025-03-01,12:45,52,TAPS-II,"BARC_TAPS II",BARC,1.94049000000000
2025-03-01,13:00,53,TAPS-II,"BARC_TAPS II",BARC,1.94309000000000
2025-03-01,13:15,54,TAPS-II,"BARC_TAPS II",BARC,1.94416000000000
2025-03-01,13:30,55,TAPS-II,"BARC_TAPS II",BARC,1.94727300000000
2025-03-01,13:45,56,TAPS-II,"BARC_TAPS II",BARC,1.94315500000000
2025-03-01,14:00,57,TAPS-II,"BARC_TAPS II",BARC,1.94239900000000
2025-03-01,14:15,58,TAPS-II,"BARC_TAPS II",BARC,1.94136900000000
2025-03-01,14:30,59,TAPS-II,"BARC_TAPS II",BARC,1.93912200000000
2025-03-01,14:45,60,TAPS-II,"BARC_TAPS II",BARC,1.94444400000000
2025-03-01,15:00,61,TAPS-II,"BARC_TAPS II",BARC,1.94165000000000
2025-03-01,15:15,62,TAPS-II,"BARC_TAPS II",BARC,1.94245300000000
2025-03-01,15:30,63,TAPS-II,"BARC_TAPS II",BARC,1.94611800000000
2025-03-01,15:45,64,TAPS-II,"BARC_TAPS II",BARC,1.94436500000000
2025-03-01,16:00,65,TAPS-II,"BARC_TAPS II",BARC,1.94491200000000
2025-03-01,16:15,66,TAPS-II,"BARC_TAPS II",BARC,1.94944500000000
2025-03-01,16:30,67,TAPS-II,"BARC_TAPS II",BARC,1.94802000000000
2025-03-01,16:45,68,TAPS-II,"BARC_TAPS II",BARC,1.95085400000000
2025-03-01,17:00,69,TAPS-II,"BARC_TAPS II",BARC,1.95041400000000
2025-03-01,17:15,70,TAPS-II,"BARC_TAPS II",BARC,1.94946700000000
2025-03-01,17:30,71,TAPS-II,"BARC_TAPS II",BARC,1.94916200000000
2025-03-01,17:45,72,TAPS-II,"BARC_TAPS II",BARC,1.95238200000000
2025-03-01,18:00,73,TAPS-II,"BARC_TAPS II",BARC,1.93887200000000
2025-03-01,18:15,74,TAPS-II,"BARC_TAPS II",BARC,1.94270400000000
2025-03-01,18:30,75,TAPS-II,"BARC_TAPS II",BARC,1.94475700000000
2025-03-01,18:45,76,TAPS-II,"BARC_TAPS II",BARC,1.94011000000000
2025-03-01,19:00,77,TAPS-II,"BARC_TAPS II",BARC,1.94090000000000
2025-03-01,19:15,78,TAPS-II,"BARC_TAPS II",BARC,1.94234600000000
2025-03-01,19:30,79,TAPS-II,"BARC_TAPS II",BARC,1.94115400000000
2025-03-01,19:45,80,TAPS-II,"BARC_TAPS II",BARC,1.94037700000000
2025-03-01,20:00,81,TAPS-II,"BARC_TAPS II",BARC,1.94766700000000
2025-03-01,20:15,82,TAPS-II,"BARC_TAPS II",BARC,1.94795600000000
2025-03-01,20:30,83,TAPS-II,"BARC_TAPS II",BARC,1.94649100000000
2025-03-01,20:45,84,TAPS-II,"BARC_TAPS II",BARC,1.94812600000000
2025-03-01,21:00,85,TAPS-II,"BARC_TAPS II",BARC,1.95079600000000
2025-03-01,21:15,86,TAPS-II,"BARC_TAPS II",BARC,1.95357400000000
2025-03-01,21:30,87,TAPS-II,"BARC_TAPS II",BARC,1.95323900000000
2025-03-01,21:45,88,TAPS-II,"BARC_TAPS II",BARC,1.95185000000000
2025-03-01,22:00,89,TAPS-II,"BARC_TAPS II",BARC,1.95416200000000
2025-03-01,22:15,90,TAPS-II,"BARC_TAPS II",BARC,1.95414600000000
2025-03-01,22:30,91,TAPS-II,"BARC_TAPS II",BARC,1.95479000000000
2025-03-01,22:45,92,TAPS-II,"BARC_TAPS II",BARC,1.94955800000000
2025-03-01,23:00,93,TAPS-II,"BARC_TAPS II",BARC,1.95216300000000
2025-03-01,23:15,94,TAPS-II,"BARC_TAPS II",BARC,1.95187200000000
2025-03-01,23:30,95,TAPS-II,"BARC_TAPS II",BARC,1.95237400000000
2025-03-01,23:45,96,TAPS-II,"BARC_TAPS II",BARC,1.95058000000000
2025-03-02,00:00,1,TAPS-II,"BARC_TAPS II",BARC,1.95242800000000
2025-03-02,00:15,2,TAPS-II,"BARC_TAPS II",BARC,1.95357600000000
2025-03-02,00:30,3,TAPS-II,"BARC_TAPS II",BARC,1.95781400000000
2025-03-02,00:45,4,TAPS-II,"BARC_TAPS II",BARC,1.95271300000000
2025-03-02,01:00,5,TAPS-II,"BARC_TAPS II",BARC,1.95401600000000
2025-03-02,01:15,6,TAPS-II,"BARC_TAPS II",BARC,1.95287000000000
2025-03-02,01:30,7,TAPS-II,"BARC_TAPS II",BARC,1.95397600000000
2025-03-02,01:45,8,TAPS-II,"BARC_TAPS II",BARC,1.95393800000000
2025-03-02,02:00,9,TAPS-II,"BARC_TAPS II",BARC,1.94571400000000
2025-03-02,02:15,10,TAPS-II,"BARC_TAPS II",BARC,1.93794900000000
2025-03-02,02:30,11,TAPS-II,"BARC_TAPS II",BARC,1.94643700000000
2025-03-02,02:45,12,TAPS-II,"BARC_TAPS II",BARC,1.95474700000000
2025-03-02,03:00,13,TAPS-II,"BARC_TAPS II",BARC,1.95989300000000
2025-03-02,03:15,14,TAPS-II,"BARC_TAPS II",BARC,1.95219600000000
2025-03-02,03:30,15,TAPS-II,"BARC_TAPS II",BARC,1.94525600000000
2025-03-02,03:45,16,TAPS-II,"BARC_TAPS II",BARC,1.94208100000000
2025-03-02,04:00,17,TAPS-II,"BARC_TAPS II",BARC,1.94356200000000
2025-03-02,04:15,18,TAPS-II,"BARC_TAPS II",BARC,1.94128800000000
2025-03-02,04:30,19,TAPS-II,"BARC_TAPS II",BARC,1.93904400000000
2025-03-02,04:45,20,TAPS-II,"BARC_TAPS II",BARC,1.94440400000000
2025-03-02,05:00,21,TAPS-II,"BARC_TAPS II",BARC,1.94151200000000
2025-03-02,05:15,22,TAPS-II,"BARC_TAPS II",BARC,1.95362000000000
2025-03-02,05:30,23,TAPS-II,"BARC_TAPS II",BARC,1.95493900000000
2025-03-02,05:45,24,TAPS-II,"BARC_TAPS II",BARC,1.95535900000000
2025-03-02,06:00,25,TAPS-II,"BARC_TAPS II",BARC,1.95514900000000
2025-03-02,06:15,26,TAPS-II,"BARC_TAPS II",BARC,1.94862700000000
2025-03-02,06:30,27,TAPS-II,"BARC_TAPS II",BARC,1.94887000000000
2025-03-02,06:45,28,TAPS-II,"BARC_TAPS II",BARC,1.95189100000000
2025-03-02,07:00,29,TAPS-II,"BARC_TAPS II",BARC,1.95059600000000
2025-03-02,07:15,30,TAPS-II,"BARC_TAPS II",BARC,1.94950100000000
2025-03-02,07:30,31,TAPS-II,"BARC_TAPS II",BARC,1.94967900000000
2025-03-02,07:45,32,TAPS-II,"BARC_TAPS II",BARC,1.95304800000000
2025-03-02,08:00,33,TAPS-II,"BARC_TAPS II",BARC,1.95347700000000
2025-03-02,08:15,34,TAPS-II,"BARC_TAPS II",BARC,1.95497600000000
2025-03-02,08:30,35,TAPS-II,"BARC_TAPS II",BARC,1.95480900000000
2025-03-02,08:45,36,TAPS-II,"BARC_TAPS II",BARC,1.95579400000000
2025-03-02,09:00,37,TAPS-II,"BARC_TAPS II",BARC,1.95708000000000
2025-03-02,09:15,38,TAPS-II,"BARC_TAPS II",BARC,1.95669700000000
2025-03-02,09:30,39,TAPS-II,"BARC_TAPS II",BARC,1.95261200000000
2025-03-02,09:45,40,TAPS-II,"BARC_TAPS II",BARC,1.96567900000000
2025-03-02,10:00,41,TAPS-II,"BARC_TAPS II",BARC,1.96567600000000
2025-03-02,10:15,42,TAPS-II,"BARC_TAPS II",BARC,1.95866900000000
2025-03-02,10:30,43,TAPS-II,"BARC_TAPS II",BARC,1.95964800000000
2025-03-02,10:45,44,TAPS-II,"BARC_TAPS II",BARC,1.95702600000000
2025-03-02,11:00,45,TAPS-II,"BARC_TAPS II",BARC,1.96012800000000
2025-03-02,11:15,46,TAPS-II,"BARC_TAPS II",BARC,1.95861200000000
2025-03-02,11:30,47,TAPS-II,"BARC_TAPS II",BARC,1.95982600000000
2025-03-02,11:45,48,TAPS-II,"BARC_TAPS II",BARC,1.95891200000000
2025-03-02,12:00,49,TAPS-II,"BARC_TAPS II",BARC,1.96096400000000
2025-03-02,12:15,50,TAPS-II,"BARC_TAPS II",BARC,1.96114000000000
2025-03-02,12:30,51,TAPS-II,"BARC_TAPS II",BARC,1.96124800000000
2025-03-02,12:45,52,TAPS-II,"BARC_TAPS II",BARC,1.95469400000000
2025-03-02,13:00,53,TAPS-II,"BARC_TAPS II",BARC,1.95790900000000
2025-03-02,13:15,54,TAPS-II,"BARC_TAPS II",BARC,1.95669200000000
2025-03-02,13:30,55,TAPS-II,"BARC_TAPS II",BARC,1.95389300000000
2025-03-02,13:45,56,TAPS-II,"BARC_TAPS II",BARC,1.95888300000000
2025-03-02,14:00,57,TAPS-II,"BARC_TAPS II",BARC,1.95601000000000
2025-03-02,14:15,58,TAPS-II,"BARC_TAPS II",BARC,1.95981000000000
2025-03-02,14:30,59,TAPS-II,"BARC_TAPS II",BARC,1.95546200000000
2025-03-02,14:45,60,TAPS-II,"BARC_TAPS II",BARC,1.96029500000000
2025-03-02,15:00,61,TAPS-II,"BARC_TAPS II",BARC,1.95710700000000
2025-03-02,15:15,62,TAPS-II,"BARC_TAPS II",BARC,1.96011400000000
2025-03-02,15:30,63,TAPS-II,"BARC_TAPS II",BARC,1.96165400000000
2025-03-02,15:45,64,TAPS-II,"BARC_TAPS II",BARC,1.95983900000000
2025-03-02,16:00,65,TAPS-II,"BARC_TAPS II",BARC,1.95903000000000
2025-03-02,16:15,66,TAPS-II,"BARC_TAPS II",BARC,1.96037300000000
2025-03-02,16:30,67,TAPS-II,"BARC_TAPS II",BARC,1.95972600000000
2025-03-02,16:45,68,TAPS-II,"BARC_TAPS II",BARC,1.94925500000000
2025-03-02,17:00,69,TAPS-II,"BARC_TAPS II",BARC,1.94631000000000
2025-03-02,17:15,70,TAPS-II,"BARC_TAPS II",BARC,1.94789300000000
2025-03-02,17:30,71,TAPS-II,"BARC_TAPS II",BARC,1.93959400000000
2025-03-02,17:45,72,TAPS-II,"BARC_TAPS II",BARC,1.94041700000000
2025-03-02,18:00,73,TAPS-II,"BARC_TAPS II",BARC,1.93273200000000
2025-03-02,18:15,74,TAPS-II,"BARC_TAPS II",BARC,1.92455700000000
2025-03-02,18:30,75,TAPS-II,"BARC_TAPS II",BARC,1.92673700000000
2025-03-02,18:45,76,TAPS-II,"BARC_TAPS II",BARC,1.92231600000000
2025-03-02,19:00,77,TAPS-II,"BARC_TAPS II",BARC,1.92323300000000
2025-03-02,19:15,78,TAPS-II,"BARC_TAPS II",BARC,1.92219800000000
2025-03-02,19:30,79,TAPS-II,"BARC_TAPS II",BARC,1.92804800000000
2025-03-02,19:45,80,TAPS-II,"BARC_TAPS II",BARC,1.93042700000000
2025-03-02,20:00,81,TAPS-II,"BARC_TAPS II",BARC,1.93618000000000
2025-03-02,20:15,82,TAPS-II,"BARC_TAPS II",BARC,1.94015800000000
2025-03-02,20:30,83,TAPS-II,"BARC_TAPS II",BARC,1.93974800000000
2025-03-02,20:45,84,TAPS-II,"BARC_TAPS II",BARC,1.94216800000000
2025-03-02,21:00,85,TAPS-II,"BARC_TAPS II",BARC,1.92634100000000
2025-03-02,21:15,86,TAPS-II,"BARC_TAPS II",BARC,1.94379100000000
2025-03-02,21:30,87,TAPS-II,"BARC_TAPS II",BARC,1.94442500000000
2025-03-02,21:45,88,TAPS-II,"BARC_TAPS II",BARC,1.94049300000000
2025-03-02,22:00,89,TAPS-II,"BARC_TAPS II",BARC,1.94346800000000
2025-03-02,22:15,90,TAPS-II,"BARC_TAPS II",BARC,1.93842700000000
2025-03-02,22:30,91,TAPS-II,"BARC_TAPS II",BARC,1.94246400000000
2025-03-02,22:45,92,TAPS-II,"BARC_TAPS II",BARC,1.94090300000000
2025-03-02,23:00,93,TAPS-II,"BARC_TAPS II",BARC,1.94449200000000
2025-03-02,23:15,94,TAPS-II,"BARC_TAPS II",BARC,1.94466800000000
2025-03-02,23:30,95,TAPS-II,"BARC_TAPS II",BARC,1.94933900000000
2025-03-02,23:45,96,TAPS-II,"BARC_TAPS II",BARC,1.94525300000000
